StartDate,EndDate,Duration (in seconds),ResponseId,Q2_1,Q3_7,Q3_15,Q3_16,Q3_17,Q4_2,Q4_8,Q5_5,Q5_9,Q6_1,Q6_2,Q6_3,Q6_4,Q7_1,Q8_1,Q8_2,Q8_3,Q8_4,Q9,Q10_1,Q10_2,Q10_3,Q10_4,Q11_1,Q12_3,Q14,Q26_10,Q26_9,Q26_7,Q26_8,Q26_5,Q26_12,Q27_4,Q27_10,Q27_9,Q27_7,Q27_8,Q27_11,Q19,Q20,Q20_4_TEXT,Q21,Q22,Q23,Q23_11_TEXT,Q24,Q24_11_TEXT,Q25
Start Date,End Date,Duration (in seconds),Response ID,What does your free-time vs. obligations balance look like?,"Time Audit: Events and Extracurriculars
 

Note: If your answer would be 20+, move the slider all the way to the right (20). - How many Crystal events do you attend per semester? (e.g., sports games, homecoming, dances, lunar banquet, etc.)","Time Audit: Events and Extracurriculars
 

Note: If your answer would be 20+, move the slider all the way to the right (20). - How many hours per week do you spend volunteering and/or doing community service?","Time Audit: Events and Extracurriculars
 

Note: If your answer would be 20+, move the slider all the way to the right (20). - How many hours per week do you spend participating in *Crystal* extracurriculars?","Time Audit: Events and Extracurriculars
 

Note: If your answer would be 20+, move the slider all the way to the right (20). - How many hours per week do you spend participating in *non-Crystal* extracurriculars?",Time Audit: Homework - How many hours do you spend on homework on a typical weekday?,Time Audit: Homework - How many hours do you spend on homework on a typical weekend (both days combined)?,Time Audit: Sleep - How many hours of sleep do you get on a typical weekday?,Time Audit: Sleep - How many hours of sleep do you get on a typical weekend day?,What does Crystal do that is most likely to allow you to get more sleep than usual? (Drag to rank) - No Homework Weekends,What does Crystal do that is most likely to allow you to get more sleep than usual? (Drag to rank) - Late Starts,What does Crystal do that is most likely to allow you to get more sleep than usual? (Drag to rank) - Limit on Number of Major Assessments Per Day,What does Crystal do that is most likely to allow you to get more sleep than usual? (Drag to rank) - Time Limits for Homework Duration,What is your level of satisfaction with the Crystal sports experience?,What categories of Crystal extracurriculars do you feel are most engaging for you personally? (Drag to rank) - Clubs-Period Clubs,What categories of Crystal extracurriculars do you feel are most engaging for you personally? (Drag to rank) - After School Clubs,What categories of Crystal extracurriculars do you feel are most engaging for you personally? (Drag to rank) - Sports,"What categories of Crystal extracurriculars do you feel are most engaging for you personally? (Drag to rank) - Fine Arts (e.g., Theater, Music, Dance, Visual Arts)","If you had to choose one *specific* Crystal extracurricular that you find most engaging, what would it be?",What categories of events should Crystal focus on improving? (Drag to rank) - Arts,What categories of events should Crystal focus on improving? (Drag to rank) - Culture/Holidays,What categories of events should Crystal focus on improving? (Drag to rank) - Sports,What categories of events should Crystal focus on improving? (Drag to rank) - Dances,"During Spirit Weeks, how many days do you typically participate?",Do you feel that Crystal has enough extracurricular activities related to your academic interests?,Which subject assigns the most homework? (Select one),What is your favorite subject? (Drag to rank) - English,What is your favorite subject? (Drag to rank) - Fine Arts,What is your favorite subject? (Drag to rank) - History,What is your favorite subject? (Drag to rank) - Math,What is your favorite subject? (Drag to rank) - Science,What is your favorite subject? (Drag to rank) - World Language,What is your favorite Crystal tradition? (Drag to rank) - Snow Day,What is your favorite Crystal tradition? (Drag to rank) - Lip Sync,What is your favorite Crystal tradition? (Drag to rank) - PoP Week,What is your favorite Crystal tradition? (Drag to rank) - Secret Gryphon,What is your favorite Crystal tradition? (Drag to rank) - Trivia Bowl,What is your favorite Crystal tradition? (Drag to rank) - Halls,What is your grade level?,What is your gender identity? - Selected Choice,What is your gender identity? - Other (optional specification) - Text,How many people do you live with (including yourself)?,How long is your average commute to school?,What is your racial or ethnic identification? (select all that apply) - Selected Choice,What is your racial or ethnic identification? (select all that apply) - Prefer to self-describe - Text,With what religious affiliation do you most closely identify? - Selected Choice,With what religious affiliation do you most closely identify? - Other (optional specification) - Text,What is the highest level of education completed by either of your parents or guardians?
2/22/2021 11:34:24,2/22/2021 11:42:38,493,R_3phcDHT0tE3m1TO,3.8,1,0,0,8,0.6,0.6,7.8,8.8,1,3,4,2,4,2,4,3,1,Sports,3,4,1,2,0,0.5,Math,3,4,5,6,1,2,1,2,3,4,5,6,7,Male,,4,30 to 60 minutes,"Hispanic or Latina/o/x,White",,Atheist,,"Graduate/Professional Degree (e.g., MA, MS, PhD, JD, MD, MBA, etc.)"
2/22/2021 15:19:23,2/22/2021 15:22:39,196,R_3EbtQblHRXHLnO6,6.3,0,0,0,0,1.8,1,8.2,9.5,2,1,4,3,4.8,2,3,4,1,Visual Arts,1,2,3,4,3,2.3,Math,2,1,4,6,3,5,1,3,2,4,5,6,7,Female,,4,15 to 30 minutes,Asian: East Asian,,Atheist,,"Graduate/Professional Degree (e.g., MA, MS, PhD, JD, MD, MBA, etc.)"
2/22/2021 11:35:37,2/22/2021 11:40:24,286,R_28zG1CbCRVC6R3n,3,4,0,0,2,2,1,8,9.5,1,2,3,4,8.4,2,3,4,1,theater,3,2,4,1,5,5,Science,2,1,3,6,4,5,1,3,2,4,5,6,8,Female,,3 or fewer,15 to 30 minutes,Asian: East Asian,,Atheist,,"Graduate/Professional Degree (e.g., MA, MS, PhD, JD, MD, MBA, etc.)"
2/22/2021 11:34:20,2/22/2021 11:42:57,516,R_3j1hkjJHUD89a91,6,0,0,0,4,1.5,0,8,10,3,1,4,2,5,1,2,3,4,Clubs,3,1,2,4,0,3,World Language,1,5,4,2,3,6,1,5,2,6,3,4,7,Male,,5,30 to 60 minutes,White,,Atheist,,"Graduate/Professional Degree (e.g., MA, MS, PhD, JD, MD, MBA, etc.)"
2/22/2021 19:03:52,2/22/2021 19:10:09,377,R_w11W7C8AUoLpTuF,5.3,10,2,9,15,7.1,3,8,10,1,4,2,3,8.2,1,2,4,3,Sports.,1,2,3,4,3,3.1,Math,5,2,6,1,3,4,1,2,3,4,6,5,6,Male,,4,30 to 60 minutes,White,,Atheist,,"Graduate/Professional Degree (e.g., MA, MS, PhD, JD, MD, MBA, etc.)"
2/22/2021 11:24:56,2/22/2021 11:33:24,507,R_2uZBiSlqdwrkKJw,6.7,12,1,3,10,2,2.6,8.3,11,1,4,3,2,6.8,3,4,2,1,The arts rotation (not including music),4,3,1,2,5,1.9,Math,1,4,2,5,6,3,2,1,3,4,6,5,6,Female,,3 or fewer,15 to 30 minutes,Asian: Indian or South/Southeast Asian,,Hindu,,"Graduate/Professional Degree (e.g., MA, MS, PhD, JD, MD, MBA, etc.)"
2/22/2021 11:34:58,2/22/2021 11:42:23,445,R_2zjdBAPYGcu7Rkl,5,4,4,1,4,2,1.6,9,9,3,4,2,1,8.3,2,4,3,1,Soccer,4,1,2,3,1,3.8,Math,1,3,5,6,4,2,1,3,2,4,6,5,7,Female,,4,Less than 15 minutes,White,,Jewish,,"Graduate/Professional Degree (e.g., MA, MS, PhD, JD, MD, MBA, etc.)"
2/22/2021 11:35:39,2/22/2021 11:44:55,555,R_3KupDSxb41XuNwv,6,4,0,0,9,3,9.3,7,7.5,2,4,3,1,5,3,1,2,4,Debate and Computer Science,2,1,3,4,3,5,Math,5,6,4,1,2,3,4,3,1,5,6,2,8,Male,,3 or fewer,60 minutes or more,"Black or African-American,Hispanic or Latina/o/x,Multiracial",,Not sure/Prefer not to answer,,"Graduate/Professional Degree (e.g., MA, MS, PhD, JD, MD, MBA, etc.)"
2/22/2021 11:38:54,2/22/2021 13:03:29,5074,R_3KILQtcPss1sA5f,6.1,5,1,4,8,1.8,1.5,6.8,8.8,1,3,2,4,7,2,4,1,3,Flag Football,2,3,1,4,5,1.8,Math,3,5,2,4,1,6,1,2,3,5,4,6,8,Male,,4,15 to 30 minutes,"Asian: East Asian,Asian: Indian or South/Southeast Asian,Multiracial,White",,"Christian (Protestant, Catholic, Orthodox, etc.)",,"Graduate/Professional Degree (e.g., MA, MS, PhD, JD, MD, MBA, etc.)"
2/22/2021 11:35:30,2/22/2021 12:55:46,4815,R_6m7Vs7JPfZTbj1L,4.7,12,4,0,7,2,2.3,8,10,2,4,1,3,6.1,2,3,4,1,Robotics ,1,4,2,3,3,2.9,World Language,6,3,5,2,1,4,2,4,1,3,6,5,8,Male,,4,15 to 30 minutes,Multiracial,,Agnostic,,"Graduate/Professional Degree (e.g., MA, MS, PhD, JD, MD, MBA, etc.)"
2/22/2021 11:35:51,2/22/2021 11:42:10,378,R_1IKj3r80QPtqVc5,5.3,4,0,0,8,0.8,1.2,8.6,9.1,2,1,3,4,6.3,1,3,2,4,,3,4,1,2,2,2.5,Math,2,3,5,1,6,4,1,2,3,4,5,6,8,Male,,4,15 to 30 minutes,White,,Not sure/Prefer not to answer,,"Graduate/Professional Degree (e.g., MA, MS, PhD, JD, MD, MBA, etc.)"
2/22/2021 11:35:22,2/22/2021 11:39:20,237,R_dnlzjzVihaQ1cgF,7.3,3,1,0,14,3.1,2,6,8,1,3,2,4,8,2,1,4,3,Probably clubs,3,2,4,1,3,1,English,6,5,1,2,4,3,1,2,4,3,5,6,8,Female,,3 or fewer,15 to 30 minutes,White,,Atheist,,"Graduate/Professional Degree (e.g., MA, MS, PhD, JD, MD, MBA, etc.)"
2/22/2021 12:08:06,2/22/2021 12:31:04,1378,R_xDG7ZmaoiC9cLfz,2.5,6,0,1,2,2.5,2.7,8.5,9,1,2,4,3,1.3,1,2,4,3,I love the Bullet Journaling (sorry if I spelled that wrong) Club!,2,3,1,4,1,2.5,Math,1,6,3,4,2,5,1,5,3,2,6,4,7,Female,,4,15 to 30 minutes,White,,"Christian (Protestant, Catholic, Orthodox, etc.)",,Not sure/Prefer not to answer
2/22/2021 11:36:15,2/22/2021 11:42:40,384,R_2P0aIcAeYTWzM80,3,6,1,3,4,3,1.8,9.5,10.4,4,1,3,2,8.7,2,4,3,1,the play and musical,1,2,4,3,4,5,Math,2,4,6,5,1,3,1,2,3,4,6,5,7,Female,,4,15 to 30 minutes,Asian: East Asian,,"Christian (Protestant, Catholic, Orthodox, etc.)",,"College Degree (e.g., Associate's degree, Bachelor's degree)"
2/22/2021 12:02:09,2/22/2021 12:07:45,336,R_1gu1nbgGUYY1978,8,10,0,5,20,4,7,9,9.5,2,1,3,4,4.8,1,2,3,4,Coding,2,1,3,4,3,2,Math,5,4,3,1,2,6,1,6,4,2,3,5,6,Prefer not to answer,,Prefer not to answer,Prefer not to answer,Prefer not to answer,,Not sure/Prefer not to answer,,Not sure/Prefer not to answer
2/22/2021 11:35:02,2/22/2021 11:38:46,224,R_2t2VOhe33Z1XoAK,6,4,2,4,6,1.3,0.6,11,9.5,1,2,4,3,3.4,4,3,2,1,The Play.,4,2,1,3,2,0.9,Math,2,5,6,3,1,4,2,1,3,5,4,6,7,Male,,5,Less than 15 minutes,White,,"Christian (Protestant, Catholic, Orthodox, etc.)",,"Graduate/Professional Degree (e.g., MA, MS, PhD, JD, MD, MBA, etc.)"
2/22/2021 19:43:52,2/22/2021 19:48:44,292,R_2S2hoDajuP8w30j,8,17,5,1,5,4.9,11.7,6.7,9.3,1,2,4,3,7.2,1,3,2,4,,4,3,2,1,3,4,Math,6,3,2,4,1,5,1,3,2,6,4,5,8,Male,,4,15 to 30 minutes,Multiracial,,Atheist,,"Graduate/Professional Degree (e.g., MA, MS, PhD, JD, MD, MBA, etc.)"
2/22/2021 11:36:45,2/22/2021 11:45:44,539,R_31hAYiC4Cmrkpoy,9,6,0,0,0,4.3,3.5,7,8,1,2,4,3,6.7,1,4,3,2,Not sure,3,2,1,4,4,1.7,Math,3,2,5,4,6,1,1,5,2,3,6,4,8,Male,,3 or fewer,15 to 30 minutes,White,,Not sure/Prefer not to answer,,"College Degree (e.g., Associate's degree, Bachelor's degree)"
2/22/2021 11:35:31,2/22/2021 11:44:43,552,R_2v3beuz5ypYtEmw,4.7,2,0,1,2,2,1.3,7.6,10,4,3,1,2,8,1,2,4,3,I liked the discussion club. It‚Äôs good to talk to people.,4,3,2,1,1,1,English,6,5,1,4,3,2,2,6,1,5,4,3,8,Male,,3 or fewer,Less than 15 minutes,White,,Other (optional specification),"It‚Äôs tricky. My family is mostly Jewish and I practice some Jewish traditions, but I don‚Äôt believe in got or prayer or the Torah or anything like that so I guess mostly atheist.","Graduate/Professional Degree (e.g., MA, MS, PhD, JD, MD, MBA, etc.)"
2/22/2021 11:35:39,2/22/2021 11:43:47,487,R_2xRXxHrJ5EPb0CN,10,20,16,20,0,4.5,7.3,3.6,5.6,1,4,3,2,0.1,2,1,3,4,üí© üí© üí© ,3,2,1,4,4,0.6,Science,,,,,,,1,2,4,3,5,6,8,Other (optional specification),Barfing emoji ü§Æ ü§Æ ,Prefer not to answer,Prefer not to answer,Prefer to self-describe,Rwandan,Other (optional specification),ü§∑‚Äç‚ôÄÔ∏è ,Not sure/Prefer not to answer
2/22/2021 11:29:48,2/22/2021 11:37:03,434,R_3RjuKbhT1KHmnUp,7,8,1,4,6,2,3,4,4.3,1,3,2,4,7,3,4,2,1,the musical,2,3,4,1,2,3,Science,1,3,5,2,6,4,1,2,3,4,6,5,7,Female,,4,Less than 15 minutes,White,,"Christian (Protestant, Catholic, Orthodox, etc.)",,"College Degree (e.g., Associate's degree, Bachelor's degree)"
2/22/2021 11:35:58,2/22/2021 11:41:10,312,R_2cCqfUorWn1fE0x,6.1,4,2,3,2,1,2,8,11,1,2,3,4,3,2,3,4,1,Musical/Play rehearsals,2,1,4,3,5,1.4,Fine Arts,1,6,2,3,4,5,1,3,2,4,6,5,6,Female,,3 or fewer,30 to 60 minutes,Asian: Indian or South/Southeast Asian,,"Christian (Protestant, Catholic, Orthodox, etc.)",,"Graduate/Professional Degree (e.g., MA, MS, PhD, JD, MD, MBA, etc.)"
2/22/2021 11:36:08,2/22/2021 11:39:13,185,R_1QuZJpeCrPHbJUi,7.5,7,1,4,6,1.2,2.5,9,10,2,1,4,3,10,2,1,3,4,"Coding, Computer Science",3,1,2,4,5,2.5,English,3,6,5,1,2,4,1,2,3,4,5,6,6,Male,,3 or fewer,15 to 30 minutes,American Indian or Alaskan Native,,Other (optional specification),Jain,"Graduate/Professional Degree (e.g., MA, MS, PhD, JD, MD, MBA, etc.)"
2/22/2021 11:35:36,2/22/2021 11:40:46,309,R_Q0bEzFqIV11aUzT,10,4,10,1,5,3,4,6,10.5,2,4,1,3,5,3,2,4,1,,2,1,3,4,1,2,World Language,1,2,3,4,5,6,1,2,3,4,5,6,7,Male,,4,Less than 15 minutes,White,,Atheist,,"Graduate/Professional Degree (e.g., MA, MS, PhD, JD, MD, MBA, etc.)"
2/22/2021 11:36:57,2/22/2021 11:41:08,250,R_2wuHDztfirN8T10,5.1,12,4,2,20,1.2,2.4,9.9,11.6,1,3,2,4,9.9,1,3,2,4,Sports,4,1,2,3,5,4.5,World Language,2,4,1,3,5,6,2,3,1,5,4,6,6,Male,,4,15 to 30 minutes,"Asian: Indian or South/Southeast Asian,Hispanic or Latina/o/x",,"Christian (Protestant, Catholic, Orthodox, etc.)",,"Graduate/Professional Degree (e.g., MA, MS, PhD, JD, MD, MBA, etc.)"
2/22/2021 11:24:52,2/22/2021 11:37:24,751,R_ApJBkn7pQxQtczf,6.2,5,0,4,2,0.6,0.5,9,8,1,3,2,4,3,2,4,3,1,"Fine Arts, the play and musical",4,3,2,1,5,5,Math,1,3,2,6,4,5,1,2,3,4,5,6,6,Female,,5,15 to 30 minutes,White,,"Christian (Protestant, Catholic, Orthodox, etc.)",,"Graduate/Professional Degree (e.g., MA, MS, PhD, JD, MD, MBA, etc.)"
2/22/2021 15:52:52,2/22/2021 15:58:44,352,R_2ARoPnGYmXGQm8y,8.7,15,3,10,15,3.5,8,7,9,4,1,3,2,7.5,1,3,2,4,Clubs Period,2,4,3,1,4,2.5,World Language,1,6,5,3,2,4,1,4,3,2,5,6,8,Female,,5,15 to 30 minutes,"Asian: East Asian,Multiracial,Native Hawaiian or Other Pacific Islander,White",,Not sure/Prefer not to answer,,Not sure/Prefer not to answer
2/22/2021 18:48:16,2/22/2021 19:03:07,891,R_1ZVpvXmFxq5saCB,7.7,0,0,0,20,1,2,8,12,2,1,3,4,0,1,2,3,4,Nothing,1,2,3,4,0,0,Math,2,6,4,1,3,5,1,6,5,2,4,3,7,Male,,4,15 to 30 minutes,Multiracial,,Not sure/Prefer not to answer,,Not sure/Prefer not to answer
2/22/2021 11:25:19,2/22/2021 11:30:29,310,R_1jfXiKlURAJC1fV,3.4,16,0,3,0,6.3,4,9,11,4,1,2,3,7.2,2,3,1,4,"Robotics, and Computer science",1,4,2,3,3,2.1,World Language,2,4,5,3,1,6,3,4,1,5,6,2,8,Male,,3 or fewer,30 to 60 minutes,Black or African-American,,"Christian (Protestant, Catholic, Orthodox, etc.)",,"Graduate/Professional Degree (e.g., MA, MS, PhD, JD, MD, MBA, etc.)"
2/22/2021 11:37:39,2/22/2021 11:45:52,493,R_1o5dW4V2DpBLwWi,6.5,20,1,2,20,2.2,2,9,10.5,3,1,2,4,10,2,3,1,4,SPORTS,4,1,3,2,2,3.8,Math,1,2,3,6,4,5,2,3,1,4,5,6,7,Male,,5,Less than 15 minutes,Asian: Indian or South/Southeast Asian,,Hindu,,"Graduate/Professional Degree (e.g., MA, MS, PhD, JD, MD, MBA, etc.)"
2/22/2021 11:35:00,2/22/2021 11:45:11,610,R_332wJKYaGj0iGOB,6,1,0,8,0,2,3,9,9,2,1,3,4,4,1,3,4,2,The seasonal plays,1,4,2,3,3,3.5,Math,3,2,5,6,1,4,1,5,2,3,4,6,7,Male,,3 or fewer,15 to 30 minutes,"American Indian or Alaskan Native,Black or African-American,White",,Atheist,,Not sure/Prefer not to answer
2/22/2021 11:35:56,2/22/2021 11:41:09,312,R_2PjRL7XNHV2i5QK,7.4,12,1,4,3,0.9,0.6,10.2,11.8,1,2,4,3,6.8,2,4,3,1,Musical rehearsals ,4,2,3,1,5,4.5,Math,2,1,4,5,3,6,2,3,1,4,5,6,6,Female,,4,Less than 15 minutes,Prefer not to answer,,Not sure/Prefer not to answer,,"Graduate/Professional Degree (e.g., MA, MS, PhD, JD, MD, MBA, etc.)"
2/22/2021 17:44:49,2/22/2021 17:50:47,358,R_1dFYC0KQdABc8t6,7,0,0,0,6,0.5,0.3,8,8.7,3,1,2,4,9.6,2,4,1,3,Sports,3,1,2,4,5,3.5,World Language,1,5,3,2,4,6,1,2,3,4,6,5,6,Female,,3 or fewer,15 to 30 minutes,White,,Other (optional specification),None,"College Degree (e.g., Associate's degree, Bachelor's degree)"
2/22/2021 11:31:32,2/22/2021 11:36:31,298,R_RsNjduWIkgmor9T,5,12,7,10,2,3,8,10,11,1,2,3,4,6,1,3,4,2,,4,2,3,1,5,5,Math,1,6,2,5,4,3,1,3,2,6,4,5,6,Female,,5,30 to 60 minutes,Hispanic or Latina/o/x,,"Christian (Protestant, Catholic, Orthodox, etc.)",,Not sure/Prefer not to answer
2/22/2021 11:23:44,2/22/2021 12:12:33,2929,R_XTVMU1voCo3aag9,5,8,0,4,4,1,2,8.5,9,1,4,2,3,8,3,2,1,4,Instrumentals should be an extracurricular,1,4,2,3,3,3,Science,2,3,5,4,1,6,1,3,2,4,5,6,7,Male,,4,Less than 15 minutes,Asian: East Asian,,Atheist,,"Graduate/Professional Degree (e.g., MA, MS, PhD, JD, MD, MBA, etc.)"
2/22/2021 11:34:35,2/22/2021 11:40:04,328,R_7OqFOqSRV5C2tax,6.4,3,1,1,7,2,3,8,7.5,1,3,2,4,7.5,1,3,4,2,Club-period Clubs,1,4,2,3,1,2.7,Math,5,4,6,1,3,2,1,5,2,4,3,6,7,Non-binary,,4,Less than 15 minutes,Asian: East Asian,,Atheist,,"Graduate/Professional Degree (e.g., MA, MS, PhD, JD, MD, MBA, etc.)"
2/22/2021 11:34:29,2/22/2021 11:40:02,333,R_1lymqjZfe1oryXM,7.1,0,0,4,3,1.2,1.1,8,9.5,1,3,4,2,4.5,1,3,4,2,Visual arts! ,1,3,2,4,5,0.5,Math,1,4,2,6,3,5,3,2,1,4,6,5,6,Female,,4,Less than 15 minutes,White,,Not sure/Prefer not to answer,,"Graduate/Professional Degree (e.g., MA, MS, PhD, JD, MD, MBA, etc.)"
2/22/2021 11:27:47,2/22/2021 11:32:44,297,R_1pWkCZQDOxF24BY,6.7,11,4,4,9,2.5,3.7,8,7.6,2,1,4,3,7.1,3,4,1,2,I really like the sports. ,3,2,4,1,1,1.6,World Language,1,2,3,5,4,6,1,3,4,2,5,6,7,Female,,4,Less than 15 minutes,"Asian: East Asian,Asian: Indian or South/Southeast Asian,White",,Not sure/Prefer not to answer,,"Graduate/Professional Degree (e.g., MA, MS, PhD, JD, MD, MBA, etc.)"
2/22/2021 11:37:19,2/22/2021 11:44:36,436,R_3Kr7ZtHWHyJ1gP2,8.2,4,1,3,20,2,1.5,7.6,8.9,3,1,2,4,9,3,4,1,2,Golf,1,3,2,4,5,3,Math,1,3,2,6,5,4,1,2,4,3,5,6,8,Male,,3 or fewer,15 to 30 minutes,Asian: East Asian,,"Christian (Protestant, Catholic, Orthodox, etc.)",,Not sure/Prefer not to answer
2/22/2021 11:35:47,2/22/2021 11:43:48,481,R_barh92O5fXZIKqt,5.3,8,3,3,9,1.7,4,7,10,4,3,2,1,6.9,2,4,1,3,Sports.,2,4,1,3,4,3,Math,2,6,3,1,4,5,1,6,3,2,5,4,6,Male,,4,15 to 30 minutes,White,,Jewish,,"Graduate/Professional Degree (e.g., MA, MS, PhD, JD, MD, MBA, etc.)"
2/22/2021 11:37:50,2/22/2021 12:35:48,3478,R_0SWjlcyaHFUm5Rn,7.5,6,1,2,10,5,6,8,9,1,3,2,4,1.7,2,3,1,4,golf,2,1,4,3,2,0.9,English,6,2,4,1,3,5,1,3,4,2,5,6,8,Male,,4,30 to 60 minutes,Asian: Indian or South/Southeast Asian,,Atheist,,"College Degree (e.g., Associate's degree, Bachelor's degree)"
2/22/2021 11:33:11,2/22/2021 11:39:04,352,R_a3i5E1j7WjDxtF7,5.7,7,2,5,0,1,0.3,9,9,1,3,4,2,5,1,2,4,3,Robotics,1,2,3,4,5,5,Math,2,4,1,6,3,5,1,3,2,4,5,6,6,Male,,4,Less than 15 minutes,Prefer not to answer,,Not sure/Prefer not to answer,,Not sure/Prefer not to answer
2/22/2021 11:24:31,2/22/2021 11:32:17,466,R_1d9T1j3rfOm11Zl,6,8,7,7,12,2,4.5,9,9.5,2,1,4,3,6,1,3,2,4,,3,1,2,4,3,3,Math,1,5,3,6,2,4,1,3,2,4,5,6,6,Male,,4,Less than 15 minutes,Asian: East Asian,,"Christian (Protestant, Catholic, Orthodox, etc.)",,"Graduate/Professional Degree (e.g., MA, MS, PhD, JD, MD, MBA, etc.)"
2/22/2021 11:35:33,2/22/2021 11:45:24,590,R_2t08HH1ztj71v8k,6.6,12,1,0,7,2.4,3.5,8.4,11.3,2,1,3,4,8.9,2,4,1,3,Sports,3,2,1,4,4,5,Science,3,4,5,1,6,2,1,3,2,5,6,4,8,Male,,4,Less than 15 minutes,Multiracial,,Other (optional specification),None,"Graduate/Professional Degree (e.g., MA, MS, PhD, JD, MD, MBA, etc.)"
2/22/2021 11:37:57,2/22/2021 11:50:11,734,R_SC3iTn2IKSpHzEZ,6,4,2,0,9,2.5,3.6,6,10,2,1,4,3,6,1,4,3,2,"Even though we haven‚Äôt done this yet, tennis is my favorite sport so probably tennis ;) (or clubs are pretty fun too)",4,1,3,2,3,2,Math,1,5,6,2,3,4,1,4,2,3,6,5,7,Female,,4,15 to 30 minutes,"Black or African-American,Hispanic or Latina/o/x",,Not sure/Prefer not to answer,,"Graduate/Professional Degree (e.g., MA, MS, PhD, JD, MD, MBA, etc.)"
2/22/2021 11:34:11,2/22/2021 11:38:55,284,R_OlNy3oMjh5RgmxH,4,9,0,2,14,2,2,7.6,10.6,4,1,2,3,5,1,2,4,3,Clubs,4,1,2,3,3,3,Math,3,6,4,2,1,5,1,5,2,3,4,6,7,Female,,4,Less than 15 minutes,Asian: Indian or South/Southeast Asian,,Hindu,,"Graduate/Professional Degree (e.g., MA, MS, PhD, JD, MD, MBA, etc.)"
2/22/2021 11:30:53,2/22/2021 11:40:56,603,R_pT3n9Vi2u6MFYNH,5,20,6,3,6,1.5,2.5,8.7,8.8,3,1,4,2,8,1,2,4,3,Clubs,2,3,4,1,5,2,Math,1,5,6,3,2,4,1,3,2,4,5,6,7,Male,,4,15 to 30 minutes,"Asian: East Asian,Multiracial,White",,Other (optional specification),"I don't specifically have a religion, but mostly Pagan you could say. ","Graduate/Professional Degree (e.g., MA, MS, PhD, JD, MD, MBA, etc.)"
2/22/2021 11:34:17,2/22/2021 11:40:32,375,R_eFnlR91jN9wtDl7,8.1,4,0,0,8,2.5,2.5,8,9.5,2,1,3,4,2.5,1,4,2,3,Basketball,2,3,1,4,4,2,Math,1,2,4,5,3,6,1,3,6,2,4,5,7,Male,,4,30 to 60 minutes,White,,Jewish,,"Graduate/Professional Degree (e.g., MA, MS, PhD, JD, MD, MBA, etc.)"
2/22/2021 13:57:29,2/22/2021 14:01:57,268,R_12sbJy6Ke1Bv55A,7.5,2,0,3,2,1.5,2,6.5,5,1,3,2,4,7,2,4,3,1,Fine Arts Rotation,4,3,2,1,4,1.8,Science,4,2,6,3,1,5,1,3,2,4,5,6,7,Female,,4,15 to 30 minutes,Asian: East Asian,,Agnostic,,"Graduate/Professional Degree (e.g., MA, MS, PhD, JD, MD, MBA, etc.)"
2/22/2021 11:36:07,2/22/2021 11:46:21,614,R_278QMbaQ7CiziCm,9.2,5,6,4,6,3.5,4.5,7.5,9,1,4,3,2,2,3,1,4,2,Debate after-school ,4,3,2,1,2,2,Math,1,4,2,5,6,3,2,3,4,5,1,6,7,Male,,4,Less than 15 minutes,Hispanic or Latina/o/x,,Not sure/Prefer not to answer,,"Graduate/Professional Degree (e.g., MA, MS, PhD, JD, MD, MBA, etc.)"
2/22/2021 11:35:03,2/22/2021 11:44:24,561,R_1LnzUhTAn19kzhT,5,3,0,2,1,1.5,1.8,6.4,5.6,4,1,3,2,10,3,4,1,2,Visual Arts - drawing ,3,1,2,4,5,4.6,Math,3,5,2,1,6,4,3,6,2,1,4,5,6,Female,,3 or fewer,15 to 30 minutes,Prefer to self-describe,Philipino,"Christian (Protestant, Catholic, Orthodox, etc.)",,"College Degree (e.g., Associate's degree, Bachelor's degree)"
2/22/2021 11:34:52,2/22/2021 11:41:46,413,R_3qqVNSTUR091PNo,5.3,2,1,4,3,0.7,1,9.5,10,4,1,3,2,7.8,3,4,1,2,"Cross country, or the musicals/plays",3,4,1,2,5,1.9,Math,1,2,3,6,5,4,3,1,2,4,5,6,6,Female,,4,15 to 30 minutes,"American Indian or Alaskan Native,Asian: Indian or South/Southeast Asian,Hispanic or Latina/o/x,White",,Other (optional specification),"I don‚Äôt go to church or temple, but I celebrate Christmas and Easter!!","Graduate/Professional Degree (e.g., MA, MS, PhD, JD, MD, MBA, etc.)"
2/22/2021 11:37:08,2/22/2021 11:43:00,352,R_1M6W9OKZ5VYa89b,7,4,0,3,5,2.5,2,7,8,4,1,2,3,8,2,3,4,1,Theater,1,2,3,4,4,4,World Language,1,3,6,2,5,4,3,2,1,5,6,4,8,Female,,4,15 to 30 minutes,Asian: Indian or South/Southeast Asian,,Atheist,,"Graduate/Professional Degree (e.g., MA, MS, PhD, JD, MD, MBA, etc.)"
2/22/2021 19:17:36,2/22/2021 19:28:13,636,R_10VKktpcCe7hy8v,9,3,0,0,9,4,1.5,8,9,4,2,1,3,4,3,4,1,2,N/A.,3,1,2,4,5,0,Math,1,4,5,2,6,3,2,1,3,4,6,5,7,Female,,3 or fewer,Less than 15 minutes,Asian: East Asian,,"Christian (Protestant, Catholic, Orthodox, etc.)",,"College Degree (e.g., Associate's degree, Bachelor's degree)"
2/22/2021 11:35:31,2/22/2021 11:40:41,309,R_3vXR7n0F0tt86EV,2.5,2,0,3,0,2,4,6,8,1,4,3,2,9.5,3,4,2,1,"Musicals, Plays, Sports games",3,1,4,2,4,2,World Language,2,3,1,5,4,6,1,3,2,5,4,6,8,Male,,5,15 to 30 minutes,"Asian: Indian or South/Southeast Asian,Native Hawaiian or Other Pacific Islander",,"Christian (Protestant, Catholic, Orthodox, etc.)",,"College Degree (e.g., Associate's degree, Bachelor's degree)"
2/22/2021 11:35:41,2/22/2021 11:44:43,542,R_r8z24Gu594bjGqB,6.6,4,1,2,9,1.4,3,9.5,10,4,1,2,3,6.9,1,3,2,4,Tennis,2,4,1,3,3,1,Math,4,6,1,2,3,5,2,4,1,5,3,6,8,Male,,4,15 to 30 minutes,Asian: East Asian,,"Christian (Protestant, Catholic, Orthodox, etc.)",,"Graduate/Professional Degree (e.g., MA, MS, PhD, JD, MD, MBA, etc.)"
2/22/2021 11:36:01,2/22/2021 11:45:38,576,R_2Bm9LWIYEEOf7hY,5,16,0,0,10,0.1,0.1,10.2,11,2,1,4,3,5,2,3,1,4,Sports,3,4,2,1,5,5,Math,1,5,4,6,3,2,1,5,2,3,6,4,6,Male,,3 or fewer,15 to 30 minutes,"Hispanic or Latina/o/x,White",,Not sure/Prefer not to answer,,"College Degree (e.g., Associate's degree, Bachelor's degree)"
2/22/2021 12:01:40,2/22/2021 12:05:24,224,R_3n6JN31nc7ApFzq,5,0,0,0,9,0.5,1.1,8.8,10.5,2,1,4,3,8.2,2,3,1,4,none,3,2,1,4,0,0.1,Math,1,5,6,2,3,4,2,5,1,3,4,6,7,Male,,4,15 to 30 minutes,Asian: East Asian,,Other (optional specification),none,"Graduate/Professional Degree (e.g., MA, MS, PhD, JD, MD, MBA, etc.)"
2/22/2021 11:36:15,2/22/2021 11:42:39,383,R_32PEQqVFnEM84DF,7.5,8,0,0,3,3.5,5.5,9.5,12,2,1,4,3,3,1,3,4,2,Clubs-GSA,2,3,4,1,5,1.5,Math,1,2,3,6,5,4,2,3,1,5,4,6,6,Other (optional specification),Not sure right now,6 or more,15 to 30 minutes,"White,Prefer not to answer",,Not sure/Prefer not to answer,,"Graduate/Professional Degree (e.g., MA, MS, PhD, JD, MD, MBA, etc.)"
2/22/2021 11:33:42,2/22/2021 11:40:59,437,R_28CiuzBeRHZbmdU,8.5,2,1,2,15,2.6,2.6,7,9.3,2,1,4,3,2,1,3,2,4,Clubs,3,2,1,4,1,1,Math,1,6,3,2,5,4,1,5,2,3,4,6,7,Female,,5,15 to 30 minutes,Asian: East Asian,,Other (optional specification),Non-Religious,"Graduate/Professional Degree (e.g., MA, MS, PhD, JD, MD, MBA, etc.)"
2/22/2021 11:35:33,2/22/2021 11:42:16,403,R_1ml5N0PqTGavQrN,6,4,0,3,4,1,1,9,9.5,1,2,3,4,7,2,3,4,1,,2,3,4,1,5,3,Math,1,3,6,2,5,4,2,3,1,4,5,6,6,Female,,4,Less than 15 minutes,"Hispanic or Latina/o/x,Multiracial,White",,Not sure/Prefer not to answer,,"Graduate/Professional Degree (e.g., MA, MS, PhD, JD, MD, MBA, etc.)"
2/22/2021 11:35:46,2/22/2021 11:45:00,553,R_e5Mk3orhY8qSjMl,6,4,0,0,3,3.5,2,6.5,9,1,3,2,4,8,1,3,4,2,Clubs!,3,1,4,2,5,3,Math,3,4,5,6,2,1,1,4,2,3,5,6,7,Female,,4,15 to 30 minutes,Hispanic or Latina/o/x,,Not sure/Prefer not to answer,,Did not finish high school
2/22/2021 11:35:56,2/22/2021 11:42:46,410,R_1N98iP3UKMZphiU,6,4,3,2,4,1,0.5,8.9,9.5,2,1,3,4,4.5,2,3,1,4,,1,3,4,2,3,3.5,Math,2,6,1,5,3,4,1,3,2,4,5,6,6,Male,,4,15 to 30 minutes,White,,"Christian (Protestant, Catholic, Orthodox, etc.)",,"Graduate/Professional Degree (e.g., MA, MS, PhD, JD, MD, MBA, etc.)"
2/22/2021 15:53:46,2/22/2021 21:35:09,20482,R_3PSuSUubpm1dB6I,6.9,5,1,2,2,1.6,1,9.5,10.1,3,1,4,2,10,1,2,4,3,Fine arts,3,1,4,2,5,3,Math,1,2,4,6,5,3,1,4,3,2,5,6,6,Female,,6 or more,15 to 30 minutes,Hispanic or Latina/o/x,,Not sure/Prefer not to answer,,High school diploma or G.E.D
2/22/2021 11:37:45,2/22/2021 11:44:59,433,R_3G9xJDHXFq4Ysta,4.8,4,0,2,16,1,3.1,8,7,1,2,4,3,8,1,3,2,4,Sports,2,3,4,1,3,2,Science,1,4,5,2,6,3,1,3,2,4,5,6,7,Male,,5,15 to 30 minutes,Hispanic or Latina/o/x,,Not sure/Prefer not to answer,,Not sure/Prefer not to answer
2/22/2021 11:35:41,2/22/2021 11:45:07,566,R_3qyflyTXAu0vPqS,6.5,18,2,2,4,1.1,1,10.5,11,1,2,3,4,5,1,2,4,3,Clubs because its like a time to chill in my perspective and to hangout together.,3,1,2,4,4,2.4,Math,1,4,3,6,5,2,1,5,4,2,3,6,6,Female,,5,15 to 30 minutes,Asian: East Asian,,Not sure/Prefer not to answer,,Not sure/Prefer not to answer
2/22/2021 11:34:55,2/22/2021 11:39:11,256,R_27dTcXZX5qRxniP,6,9,2,0,5,1,2,8.5,12,2,1,4,3,5,1,4,2,3,The clubs period,1,3,2,4,1,2.5,Math,2,3,5,4,1,6,1,4,2,3,6,5,7,Male,,5,15 to 30 minutes,White,,Atheist,,"Graduate/Professional Degree (e.g., MA, MS, PhD, JD, MD, MBA, etc.)"
2/22/2021 11:34:18,2/22/2021 11:40:23,365,R_2b47fJOGsst2m76,7.1,18,4,18,19,0.7,1.2,7,9.6,2,1,4,3,8.1,3,4,1,2,The musical/play because you have a bond with the cast. ,4,1,3,2,5,2.1,Math,1,2,3,5,6,4,1,2,3,5,6,4,7,Female,,5,Less than 15 minutes,White,,"Christian (Protestant, Catholic, Orthodox, etc.)",,"College Degree (e.g., Associate's degree, Bachelor's degree)"
2/22/2021 11:28:41,2/22/2021 11:35:05,383,R_1hDL98aqqeqYZwk,6.5,16,3,3,4,2,2.5,10,11,4,2,3,1,10,2,3,4,1,The musical and play!,1,2,4,3,4,5,Math,2,1,4,6,5,3,1,2,3,5,6,4,6,Female,,5,15 to 30 minutes,White,,Atheist,,"Graduate/Professional Degree (e.g., MA, MS, PhD, JD, MD, MBA, etc.)"
2/22/2021 11:35:33,2/22/2021 11:40:31,298,R_3L0TTawf30hU4W7,7.3,5,0,0,15,1,1,6,9,1,4,3,2,8.3,2,3,4,1,,3,2,4,1,5,5,Math,3,6,5,2,1,4,2,1,5,3,4,6,8,Female,,5,15 to 30 minutes,Asian: East Asian,,Atheist,,"Graduate/Professional Degree (e.g., MA, MS, PhD, JD, MD, MBA, etc.)"
2/22/2021 11:35:27,2/22/2021 11:42:21,413,R_0GqBmiiKkjsgJR7,7.5,5,2,0,9,3,2,7.5,8.5,4,1,3,2,6.5,2,4,1,3,Sports games ,2,3,1,4,4,3.5,Math,1,6,5,2,3,4,1,2,3,4,6,5,8,Female,,5,15 to 30 minutes,White,,"Christian (Protestant, Catholic, Orthodox, etc.)",,"College Degree (e.g., Associate's degree, Bachelor's degree)"
2/22/2021 11:36:21,2/22/2021 11:44:20,478,R_3JEP8vjZXuvHVLQ,6,20,2,3,20,1,1.2,9.1,8,2,1,3,4,10,2,4,1,3,Sports,3,1,4,2,2,2,Math,1,4,5,6,3,2,1,4,2,3,5,6,7,Male,,5,Less than 15 minutes,Asian: Indian or South/Southeast Asian,,Hindu,,"Graduate/Professional Degree (e.g., MA, MS, PhD, JD, MD, MBA, etc.)"
2/22/2021 11:30:15,2/22/2021 11:39:37,562,R_1pm0bBjgYc3Smof,7,4,0,1,2,1.5,2,6,8,4,2,1,3,5,1,3,4,2,Fine arts,4,3,2,1,4,2,Math,1,3,6,5,4,2,1,3,2,4,5,6,8,Female,,4,Less than 15 minutes,White,,Atheist,,"Graduate/Professional Degree (e.g., MA, MS, PhD, JD, MD, MBA, etc.)"
2/22/2021 11:35:58,2/22/2021 11:41:34,336,R_sCdT7ENis1LNGTL,7.5,14,7,8,14,2.5,4,10.5,11.5,2,1,4,3,8.9,1,2,4,3,choir or debate maybe,4,1,2,3,5,4,Math,3,6,5,2,1,4,2,3,4,1,5,6,7,Female,,4,Less than 15 minutes,Asian: East Asian,,"Christian (Protestant, Catholic, Orthodox, etc.)",,"College Degree (e.g., Associate's degree, Bachelor's degree)"
2/22/2021 11:37:43,2/22/2021 11:45:40,477,R_3ele0ID6Jw0yef4,10,20,4,10,20,5,11,3,8,1,3,4,2,0.4,2,3,1,4,Sleeping,3,2,1,4,1,0.9,World Language,5,4,1,2,3,6,1,2,3,5,4,6,8,Male,,3 or fewer,15 to 30 minutes,White,,Other (optional specification),,"Graduate/Professional Degree (e.g., MA, MS, PhD, JD, MD, MBA, etc.)"
2/22/2021 11:25:44,2/22/2021 15:00:31,12887,R_2TGXeEZUacbhaQS,6.9,7,0,0,6,3,5,6.5,8.6,2,1,3,4,3.5,1,4,2,3,Football,3,2,1,4,1,2,World Language,3,5,4,1,6,2,1,2,3,4,5,6,8,Male,,4,15 to 30 minutes,White,,Atheist,,"Graduate/Professional Degree (e.g., MA, MS, PhD, JD, MD, MBA, etc.)"
2/22/2021 11:40:00,2/22/2021 11:46:29,389,R_3ew68wETldRA7ik,7,0,0,8,0,1.3,3.5,6.5,10.1,2,1,3,4,0,2,3,4,1,Musical/plays,3,1,2,4,4,3.6,Math,3,4,2,6,1,5,3,1,2,5,4,6,6,Prefer not to answer,,6 or more,15 to 30 minutes,Black or African-American,,"Christian (Protestant, Catholic, Orthodox, etc.)",,High school diploma or G.E.D
2/22/2021 11:26:32,2/22/2021 11:35:53,560,R_30dcohcdmAJhKQe,7.2,6,2,8,4,1.7,6.3,9.7,9,1,3,4,2,7.5,2,3,1,4,Flag Football,1,2,3,4,5,1.6,Math,5,6,1,4,3,2,1,3,2,4,5,6,6,Male,,5,15 to 30 minutes,White,,"Christian (Protestant, Catholic, Orthodox, etc.)",,"College Degree (e.g., Associate's degree, Bachelor's degree)"
2/22/2021 11:35:48,2/22/2021 11:39:52,243,R_2s1iHgeT4iaSQby,6.5,2,1,0,20,2.8,3.3,7,9,1,4,2,3,4.2,1,3,2,4,,3,2,1,4,3,2.3,Math,,,,,,,1,2,4,5,6,3,6,Male,,5,30 to 60 minutes,Prefer not to answer,,Not sure/Prefer not to answer,,Not sure/Prefer not to answer
2/22/2021 15:51:30,2/22/2021 15:58:06,396,R_3kA5O5FYPBlK8Sb,7.3,3,0,0,8,3,3,6,7.9,3,1,2,4,4.4,1,4,3,2,Clubs,1,3,2,4,4,3,Math,4,1,5,6,3,2,1,3,2,4,5,6,8,Female,,4,15 to 30 minutes,White,,Atheist,,"Graduate/Professional Degree (e.g., MA, MS, PhD, JD, MD, MBA, etc.)"
2/22/2021 11:23:08,2/22/2021 11:30:19,431,R_2QLFsD9NLrmr034,3,5,1,1,8,1.2,1,9,8.5,4,1,2,3,2,1,2,3,4,Idk yet,3,4,2,1,5,3,Math,1,6,2,3,5,4,4,2,1,6,5,3,6,Female,,6 or more,30 to 60 minutes,White,,Jewish,,"Graduate/Professional Degree (e.g., MA, MS, PhD, JD, MD, MBA, etc.)"
2/22/2021 11:37:43,2/22/2021 11:43:29,346,R_23geKWItVxjrcG4,8.3,2,0,0,5,3,2,7.5,9,2,4,3,1,4.5,1,4,2,3,Sports,3,1,4,2,1,1.5,Math,2,3,5,6,4,1,1,2,4,3,5,6,8,Female,,4,30 to 60 minutes,Hispanic or Latina/o/x,,Not sure/Prefer not to answer,,High school diploma or G.E.D
2/22/2021 11:36:54,2/22/2021 11:43:17,383,R_1oheSEg47iEL0MM,6.5,2,0,0,10,2,4.5,7,9,1,4,3,2,5,2,3,4,1,,3,1,4,2,4,1.5,Math,5,3,1,4,2,6,1,2,3,5,6,4,8,Male,,4,15 to 30 minutes,Asian: Indian or South/Southeast Asian,,Hindu,,"Graduate/Professional Degree (e.g., MA, MS, PhD, JD, MD, MBA, etc.)"
2/22/2021 11:35:39,2/22/2021 11:42:00,380,R_ALKXsj1f32C2Eal,9,4,2,1,5,3,6,9,10,3,1,2,4,9,1,2,3,4,I very much enjoy the clubs (during school) we have. ,3,1,4,2,5,4,Science,1,4,6,3,2,5,2,6,4,1,3,5,8,Male,,4,Less than 15 minutes,Asian: Indian or South/Southeast Asian,,Muslim,,"Graduate/Professional Degree (e.g., MA, MS, PhD, JD, MD, MBA, etc.)"
2/22/2021 11:37:35,2/22/2021 11:43:52,376,R_2CIWhLRJwDEadBA,6.7,4,1,4,9,1.4,1.4,5.5,7.5,1,3,2,4,0.5,2,3,1,4,The basketball team,3,4,2,1,3,3.4,Math,1,3,2,6,5,4,3,4,1,5,6,2,6,Male,,3 or fewer,30 to 60 minutes,"Native Hawaiian or Other Pacific Islander,White",,Other (optional specification),"I wouldn‚Äôt call myself an atheist, I don‚Äôt belive specifically in any major religions but I do consider myself spiritual ","Graduate/Professional Degree (e.g., MA, MS, PhD, JD, MD, MBA, etc.)"
2/22/2021 11:35:48,2/22/2021 11:39:40,231,R_BRkkVvZP0H7PZex,8.4,4,2,0,12,0.8,1.5,6.8,10.5,2,1,4,3,6.1,2,3,1,4,Sports,4,3,2,1,4,4.1,History,1,5,6,2,4,3,2,1,5,3,4,6,8,Female,,3 or fewer,15 to 30 minutes,"Asian: East Asian,White",,Atheist,,"Graduate/Professional Degree (e.g., MA, MS, PhD, JD, MD, MBA, etc.)"
2/22/2021 11:24:00,2/22/2021 11:31:47,467,R_3sn4z9w4lz5UYZO,7.5,2,0,0,2,1.6,2.4,6.1,10.1,2,1,3,4,4.5,2,3,4,1,Dance,2,3,4,1,1,2.5,World Language,2,1,4,3,5,6,1,4,2,3,5,6,7,Female,,5,30 to 60 minutes,Asian: East Asian,,Other (optional specification),,Not sure/Prefer not to answer
2/22/2021 11:37:51,2/22/2021 11:42:11,259,R_1mejPCDRM4zKYhL,8,4,0,7,3,2.5,5,10,9,2,3,1,4,9,3,4,2,1,The Musicals/Plays,3,4,2,1,3,4.5,History,3,6,5,2,1,4,1,3,4,6,2,5,8,Male,,6 or more,15 to 30 minutes,White,,Agnostic,,"Graduate/Professional Degree (e.g., MA, MS, PhD, JD, MD, MBA, etc.)"
2/22/2021 11:36:58,2/22/2021 11:47:38,640,R_3L0AAXK0e7CjQZ7,7,1,0,2,20,3,6,8.5,10,2,1,3,4,7,2,4,1,3,Cross Country,3,1,2,4,0,1.5,Math,4,6,3,1,2,5,1,3,2,5,4,6,8,Male,,4,Less than 15 minutes,Multiracial,,Not sure/Prefer not to answer,,"Graduate/Professional Degree (e.g., MA, MS, PhD, JD, MD, MBA, etc.)"
2/22/2021 11:35:41,2/22/2021 11:40:53,311,R_sHwA80Ts76HvsGt,6.8,8,3,0,4,1.7,0.8,9,10,2,1,3,4,6.5,2,3,4,1,Drama,3,2,4,1,5,4,Math,2,1,3,6,5,4,1,3,2,4,6,5,6,Female,,4,30 to 60 minutes,"Hispanic or Latina/o/x,White",,"Christian (Protestant, Catholic, Orthodox, etc.)",,"College Degree (e.g., Associate's degree, Bachelor's degree)"
2/22/2021 11:37:29,2/22/2021 11:43:55,385,R_3OuACuPlZKi9xp7,7.5,5,0,1,10,1.1,0.6,9.5,10,2,1,3,4,4.5,1,2,4,3,Clubs,1,2,4,3,2,2.5,History,2,1,6,5,4,3,1,2,4,3,5,6,7,Female,,3 or fewer,Less than 15 minutes,Asian: East Asian,,Not sure/Prefer not to answer,,Not sure/Prefer not to answer
2/22/2021 11:35:35,2/22/2021 11:42:43,428,R_RPP1ylhPsJYpq0N,5,8,0,1,6,0.5,1,9,8.5,2,1,3,4,4.5,1,3,2,4,Soccer,1,3,4,2,5,4.5,Math,3,4,1,2,5,6,1,3,2,6,5,4,6,Female,,4,15 to 30 minutes,American Indian or Alaskan Native,,Jewish,,Not sure/Prefer not to answer
2/22/2021 11:35:26,2/22/2021 11:40:59,333,R_ReEC7QUSIwIzmH7,7,8,1,3,2,3.5,4,8,10,2,3,1,4,8.5,1,3,4,2,Plays and Musicals,1,4,3,2,2,1.5,Math,2,1,3,6,4,5,1,2,3,4,5,6,8,Male,,5,15 to 30 minutes,White,,Agnostic,,"Graduate/Professional Degree (e.g., MA, MS, PhD, JD, MD, MBA, etc.)"
2/22/2021 15:18:22,2/22/2021 17:23:53,7531,R_PS2FNo9xkYYSpFf,5.2,12,0,3,4,1.5,2.6,11.5,10.1,2,1,4,3,5,2,3,1,4, ,4,3,2,1,1,2.5,History,4,5,6,2,1,3,2,1,5,3,4,6,8,Male,,4,15 to 30 minutes,Asian: East Asian,,Not sure/Prefer not to answer,,"College Degree (e.g., Associate's degree, Bachelor's degree)"
2/22/2021 11:25:57,2/22/2021 11:28:51,174,R_1gNQgHCDHv3lUOh,5.3,10,1,2,7,3.5,4.2,5.1,8.4,2,1,3,4,10,1,4,3,2,Clubs,2,3,4,1,3,5,Math,2,1,4,6,5,3,1,2,3,5,4,6,8,Female,,4,60 minutes or more,White,,Atheist,,"Graduate/Professional Degree (e.g., MA, MS, PhD, JD, MD, MBA, etc.)"
2/22/2021 11:34:24,2/22/2021 11:38:06,221,R_1C2uNLnAyovGB4f,8.7,1,0,0,20,2,3.6,8.6,10,2,1,3,4,4.1,2,4,1,3,Fine Arts,1,4,3,2,0,0.3,History,2,6,3,1,5,4,1,6,2,3,4,5,8,Male,,6 or more,15 to 30 minutes,Asian: Indian or South/Southeast Asian,,"Christian (Protestant, Catholic, Orthodox, etc.)",,"Graduate/Professional Degree (e.g., MA, MS, PhD, JD, MD, MBA, etc.)"
2/22/2021 11:36:15,2/22/2021 11:40:26,251,R_2ANIQzL8cBk216e,4.2,2,0,0,1,0.5,0.5,7.7,8.8,2,1,3,4,4,1,4,3,2,,1,3,2,4,4,4,Math,2,1,3,6,5,4,2,3,1,4,5,6,6,Prefer not to answer,,5,30 to 60 minutes,White,,Jewish,,"College Degree (e.g., Associate's degree, Bachelor's degree)"
2/22/2021 11:34:57,2/22/2021 11:42:30,452,R_2dyfxhu0Op3pbCE,5.8,4,1,3,5,1,1,8,9,1,2,3,4,0,1,4,3,2,clubs,2,3,1,4,5,5,Math,1,5,2,3,6,4,1,4,2,6,3,5,6,Male,,5,15 to 30 minutes,White,,Atheist,,"Graduate/Professional Degree (e.g., MA, MS, PhD, JD, MD, MBA, etc.)"
2/22/2021 11:24:02,2/22/2021 11:27:08,185,R_BAfNsSCdBcEneKd,10,5,1,2,0,7.2,7.4,4,6.1,2,1,4,3,5.3,2,4,1,3,,1,4,2,3,3,3,World Language,2,1,3,5,4,6,1,2,3,5,6,4,7,Male,,Prefer not to answer,15 to 30 minutes,Prefer not to answer,,Not sure/Prefer not to answer,,"College Degree (e.g., Associate's degree, Bachelor's degree)"
2/22/2021 11:36:02,2/22/2021 11:42:32,390,R_2t4Zs4T4olQxIrP,10,8,0,2,13,2.7,3,6.3,12,3,1,2,4,5,2,3,1,4,Football,1,3,4,2,3,5,History,1,3,5,4,6,2,1,2,3,4,5,6,8,Male,,4,15 to 30 minutes,White,,Not sure/Prefer not to answer,,"Graduate/Professional Degree (e.g., MA, MS, PhD, JD, MD, MBA, etc.)"
