StartDate,EndDate,Duration (in seconds),ResponseId,Division,Q9,Q18,Q20_4_TEXT,Q23_11_TEXT,Q24_11_TEXT
Start Date,End Date,Duration (in seconds),Response ID,Division,"If you had to choose one *specific* Crystal extracurricular that you find most engaging, what would it be?","If you would like to explain your interests in interdisciplinary collaboration/electives in more detail, please do so below.",What is your gender identity? - Other (optional specification) - Text,What is your racial or ethnic identification? (select all that apply) - Prefer to self-describe - Text,With what religious affiliation do you most closely identify? - Other (optional specification) - Text
2/22/2021 11:28:20,2/22/2021 11:32:55,274,R_3r1zS1FVQVid0Xf,US,"Sports (XC, Basketball, Baseball) or Mock Trial",,,,
2/22/2021 11:28:09,2/22/2021 11:33:30,320,R_bgBUEggyoxi6cLf,US,,,,,
2/22/2021 11:29:34,2/22/2021 11:33:40,246,R_3mlNlboyxwwxSAs,US,chamber ensemble,we need table tennis as a sport,,,
2/22/2021 11:27:25,2/22/2021 11:33:54,389,R_1F49NNseRCCmWKc,US,Mock Trial,,,,
2/22/2021 11:27:14,2/22/2021 11:34:19,425,R_eDOUtU4XO8FOJYR,US,,,,,
2/22/2021 11:28:39,2/22/2021 11:35:12,393,R_qyaZjKL3qtawocF,US,,,,,
2/22/2021 11:29:58,2/22/2021 11:35:21,323,R_3F3z1t65lL2a64J,US,"Sports, more specifically soccer",,,,
2/22/2021 11:30:07,2/22/2021 11:35:23,315,R_21HwYxznb2gzJxF,US,Mock Trial,,,,
2/22/2021 11:30:28,2/22/2021 11:35:56,327,R_AI1B12oR2LOyDDP,US,clubs,,,,
2/22/2021 11:31:31,2/22/2021 11:35:57,266,R_3JgitaeIykzhRI2,US,Sports,,,,
2/22/2021 11:31:59,2/22/2021 11:36:01,242,R_ym6grOK7LgZ0DnP,US,Basketball,,,,
2/22/2021 11:27:50,2/22/2021 11:36:23,512,R_1punVOiNHlMG7iJ,US,musical,,,,
2/22/2021 11:31:06,2/22/2021 11:36:29,322,R_23UmOv9BuHU32DN,US,cr√º,,,,
2/22/2021 11:32:48,2/22/2021 11:36:57,248,R_21nWaVpUazvMKwm,US,Mock Trial,,,,
2/22/2021 11:28:17,2/22/2021 11:37:00,523,R_eDnt0raddiKwG1H,US,,,,,
2/22/2021 11:30:03,2/22/2021 11:37:10,427,R_2lVu0BRhWT3xekp,US,Robotics,AI Ethics,,,
2/22/2021 11:31:57,2/22/2021 11:37:21,324,R_3DnMEZrELiFFdkx,US,Student Government,,,,
2/22/2021 11:30:23,2/22/2021 11:37:32,429,R_3J4daGzQwkwFYYZ,US,,,,,
2/22/2021 11:34:33,2/22/2021 11:37:37,183,R_1PSDOUm0HNrwdl0,US,Robotics,,,,
2/22/2021 11:32:50,2/22/2021 11:37:50,300,R_6hCrYWXXCKURGb7,US,The ACC LNYB stuff.,,,,
2/22/2021 11:35:11,2/22/2021 11:38:01,170,R_25LNI3aB4Qv2q2N,US,,,,,
2/22/2021 11:31:45,2/22/2021 11:38:02,377,R_1f1R6ClwGVuldao,US,Dance,,,,
2/22/2021 11:32:11,2/22/2021 11:38:06,355,R_1FwX5UTa2YzGzNe,US,Yearbook,,,,
2/22/2021 11:36:17,2/22/2021 11:38:10,113,R_1n7Ky8SfE3xzRtQ,US,,,,,
2/22/2021 11:32:48,2/22/2021 11:38:15,327,R_Tci1Wq3nGHoPxGV,US,Clubs,,,,
2/22/2021 11:31:50,2/22/2021 11:38:36,405,R_3qr0FcYn5FbIyOv,US,Robotics ,,,,
2/22/2021 11:36:19,2/22/2021 11:38:40,140,R_pfKgj1T74hKEIA9,US,Varsity Football,History of Science would be super cool,,,
2/22/2021 11:34:23,2/22/2021 11:38:41,258,R_3PoeN4ADEvsePF1,US,Baseball,,,,
2/22/2021 11:34:44,2/22/2021 11:38:42,238,R_3J4Y1c9sY30csmi,US,Robotics,,,,
2/22/2021 11:35:34,2/22/2021 11:38:44,190,R_2rkmlPVnocnmCao,US,soccer,,,,
2/22/2021 11:35:06,2/22/2021 11:38:54,228,R_2diLNFckOYTOZrr,US,badminton,,,,
2/22/2021 11:31:22,2/22/2021 11:38:58,455,R_1PdfxLhiDhlSmqp,US,Cru,,,,
2/22/2021 11:34:50,2/22/2021 11:38:58,248,R_3mAcXzI7kxmVetX,US,theater,,,,
2/22/2021 11:32:57,2/22/2021 11:39:05,367,R_2QX1rUOx4z3tX3F,US,Robotics,,,,
2/22/2021 11:32:12,2/22/2021 11:39:06,413,R_yWpwMVFVWf8s8zn,US,Sports pre covid,,,,Baptist
2/22/2021 11:30:41,2/22/2021 11:39:07,505,R_AdGTSJ0I5k1FnTX,US,Don't do any,,,,
2/22/2021 11:31:12,2/22/2021 11:39:10,478,R_2R4jtmevGucEPyJ,US,Theater,,,,
2/22/2021 11:32:01,2/22/2021 11:39:14,432,R_12DYsPStntREftZ,US,Sports/clubs,,,,
2/22/2021 11:28:46,2/22/2021 11:39:28,641,R_3IT4JIBlBBVEjQB,US,student gov,possibly into economic development?,,,
2/22/2021 11:35:27,2/22/2021 11:39:35,248,R_6n7jilF5SzDQqHL,US,Fall play,,,,
2/22/2021 11:32:24,2/22/2021 11:39:38,434,R_1riVpj2Ry8Bpdv1,US,Robotics,,,,
2/22/2021 11:35:05,2/22/2021 11:39:40,274,R_2twYyiiwERTHQ8V,US,sailing,,,,
2/22/2021 11:37:36,2/22/2021 11:39:40,124,R_1P6P9aVvbJvBgxd,US,Robotics,,,,
2/22/2021 11:30:15,2/22/2021 11:39:48,573,R_2THLyi2nd4jZBRb,US,sports,,,,
2/22/2021 11:35:56,2/22/2021 11:39:49,232,R_3J8FDoRj0f8PUPi,US,Science olympiad club.,,,,
2/22/2021 11:35:23,2/22/2021 11:39:52,269,R_2WSWqaRVccCgiQR,US,Theater,,,,
2/22/2021 11:33:55,2/22/2021 11:39:53,357,R_1reTgnUz3aTFo16,US,,,,,
2/22/2021 11:35:09,2/22/2021 11:39:55,285,R_BtEd4nmAFMA27g5,US,Art Day in May,,,,
2/22/2021 11:35:53,2/22/2021 11:39:57,243,R_e35xy5u2kXsY7V7,US,sporta,,,,
2/22/2021 11:35:27,2/22/2021 11:40:00,273,R_10CNE3vVTpNoe2Y,US,Dance because I get to have the most agency and ability to put my ideas into action. Also Ms. Dillon is incredible in prioritizing Evening of Dance choreographers.,,,,
2/22/2021 11:36:08,2/22/2021 11:40:04,235,R_2TuaakSZH3H3MVo,US,Production and Design,,,,
2/22/2021 11:35:42,2/22/2021 11:40:05,262,R_elhWUHjrmspyiBP,US,Basketball team,,,,
2/22/2021 11:36:04,2/22/2021 11:40:05,241,R_2OOrdSBbOcLeC7L,US,cross country team,,,,
2/22/2021 11:35:12,2/22/2021 11:40:13,300,R_3M9D6TtlCcB5mb9,US,,,,,
2/22/2021 11:29:59,2/22/2021 11:40:16,617,R_3PT40FwyW49Fmk9,US,Robotics,,,,
2/22/2021 11:35:54,2/22/2021 11:40:16,261,R_dnA0NFjmKIAacdH,US,,,,,
2/22/2021 11:35:30,2/22/2021 11:40:22,292,R_3HZg7JEP9cHJaU8,US,,,,,
2/22/2021 11:35:06,2/22/2021 11:40:27,321,R_3NKeUb2pzLdZz8V,US,,,,,
2/22/2021 11:36:09,2/22/2021 11:40:29,260,R_SO7b5ZCC16fNVzH,US,sports,,,,
2/22/2021 11:28:59,2/22/2021 11:40:30,690,R_2tJaG1jt5YEUxKQ,US,theater,,,,
2/22/2021 11:31:23,2/22/2021 11:40:32,549,R_3eyPYnTP6X5XiKe,US,Clubs-Period clubs allow me to talk to my friends more,,,,
2/22/2021 11:33:50,2/22/2021 11:40:33,402,R_vCY2oej9dowhi81,US,,,,,
2/22/2021 11:35:30,2/22/2021 11:40:34,303,R_2PvEd51LSS4o4KO,US,Sports,,,,
2/22/2021 11:30:39,2/22/2021 11:40:34,595,R_40n3LEy29qoyuat,US,Theater,,,,
2/22/2021 11:33:03,2/22/2021 11:40:39,455,R_SE3aPgKaaNVQofv,US,,,,,
2/22/2021 11:29:29,2/22/2021 11:40:40,670,R_2vZi3OuF4BMUdDm,US,,,,,
2/22/2021 11:33:17,2/22/2021 11:40:41,444,R_3JsA569RXMtq90C,US,dance,,,,
2/22/2021 11:31:10,2/22/2021 11:40:49,578,R_216eiKX0xpAY52e,US,volleyball,I am really interested in the above mentioned electives and would love to take these classes next year or even in senior year.,,,
2/22/2021 11:35:36,2/22/2021 11:40:52,316,R_3e9S4dPXIgVS4VP,US,Robotics,,,,
2/22/2021 11:36:40,2/22/2021 11:40:53,252,R_33p2TV4ts6im39M,US,Football,,,,
2/22/2021 11:35:27,2/22/2021 11:40:55,328,R_1MPLqtpdyNmTvzc,US,Diversity and Inclusion Task Force,,,,
2/22/2021 11:35:26,2/22/2021 11:40:55,329,R_31u7TkYthgnW8Zq,US,Sports,,,,
2/22/2021 11:31:02,2/22/2021 11:40:56,594,R_1n0dUeNB6UGBfwu,US,Volleyball ,,,,
2/22/2021 11:35:27,2/22/2021 11:40:57,329,R_3I023Lf04pYWZzX,US,Volleyball/sports,,,,
2/22/2021 11:36:08,2/22/2021 11:40:58,289,R_3qJwVUFfQUAF2e0,US,Sports,,,,
2/22/2021 11:35:53,2/22/2021 11:40:59,305,R_3nCoJIcLitfxybN,US,Sports,,,,
2/22/2021 11:32:33,2/22/2021 11:40:59,505,R_DCCNWmuAfJ0x3q1,US,tennis,,,,
2/22/2021 11:36:43,2/22/2021 11:40:59,255,R_2P07TLAnNpsjYLS,US,Theatre.,,,,
2/22/2021 11:35:50,2/22/2021 11:41:00,310,R_Oa6VKSrZ5ahiBk5,US,clubs,,,,
2/22/2021 11:35:45,2/22/2021 11:41:03,317,R_2bH7akJd6loWGXZ,US,,,,,
2/22/2021 11:33:20,2/22/2021 11:41:08,467,R_1OJ20lqVsphmF2K,US,Sports,,,,
2/22/2021 11:31:42,2/22/2021 11:41:08,566,R_2atwT1AQ4cpVZJC,US,,,,,
2/22/2021 11:37:00,2/22/2021 11:41:11,251,R_AjteJisr7zieQxj,US,debate team ,,,,
2/22/2021 11:36:04,2/22/2021 11:41:14,309,R_cYIyfEY6Ix4MhDr,US,Crystal Sports,,,,
2/22/2021 11:34:47,2/22/2021 11:41:21,394,R_1Cf29wp4UIFvBLo,US,Varsity Soccer!,,,,
2/22/2021 11:35:58,2/22/2021 11:41:22,324,R_1ltp5EfAPs5eYKb,US,sports,,,,
2/22/2021 11:35:59,2/22/2021 11:41:22,323,R_5tkG3q52MPyYedP,US,,,,,
2/22/2021 11:36:43,2/22/2021 11:41:22,279,R_1FerFBoj7IamueT,US,My Clubs,,,,
2/22/2021 11:34:23,2/22/2021 11:41:22,418,R_31Wx80DF73lhv0A,US,,,,,
2/22/2021 11:36:05,2/22/2021 11:41:23,317,R_3qqH8Z0rYVjsdjA,US,sports,,,,
2/22/2021 11:36:40,2/22/2021 11:41:23,282,R_0rcYMwdLJYC7teN,US,Robotics,,,,
2/22/2021 11:35:05,2/22/2021 11:41:24,379,R_1Nt7GRYl49uQfL1,US,Kinetics club,,,,
2/22/2021 11:34:39,2/22/2021 11:41:33,414,R_3QXY7PzsyQx12UI,US,,,,,
2/22/2021 11:36:21,2/22/2021 11:41:34,312,R_Zf7V5wYl4loBeoN,US,Sports,,,,
2/22/2021 11:35:32,2/22/2021 11:41:36,363,R_3plJ1bJz28mGVa9,US,,,,,
2/22/2021 11:35:58,2/22/2021 11:41:36,338,R_eSaY7g7mp2f3TnH,US,Student  government,,,,
2/22/2021 11:36:16,2/22/2021 11:41:38,321,R_qIdm9jfbj8o1zG1,US,sports,,,,
2/22/2021 11:32:45,2/22/2021 11:41:38,533,R_1rBV9dBj4NJUene,US,,,,,
2/22/2021 11:35:38,2/22/2021 11:41:40,361,R_3HwtyWKXmdJ2G2Z,US,Soccer,,,,
2/22/2021 11:33:08,2/22/2021 11:41:42,514,R_3syMLpYn24t9vsc,US,sports,,,,
2/22/2021 11:37:32,2/22/2021 11:41:43,250,R_3J4PnftMELDMApC,US,Sports when it happens in person,,,,
2/22/2021 11:36:07,2/22/2021 11:41:45,337,R_2bZVERwMGnpQaN4,US,,,,,
2/22/2021 11:36:15,2/22/2021 11:41:46,330,R_1Qa7JC2PPPIayd7,US,Period Clubs,,,,
2/22/2021 11:36:04,2/22/2021 11:41:50,345,R_12rLKpTzBp3T9ab,US,sports,,,,
2/22/2021 11:35:29,2/22/2021 11:41:52,383,R_4N07F9lci9FwhWN,US,sports!,,,,
2/22/2021 11:36:57,2/22/2021 11:41:54,297,R_1LncPRH48FqYFNl,US,Football,,,,
2/22/2021 11:35:29,2/22/2021 11:41:56,386,R_bNqeTvrm9SLfLQB,US,Fine arts,,,,
2/22/2021 11:33:49,2/22/2021 11:41:58,489,R_2bP28yzzfacdlmu,US,Cross Country,,,,
2/22/2021 11:34:57,2/22/2021 11:42:00,422,R_1KlJ53JwRkOLTVJ,US,Band Club,,,,
2/22/2021 11:31:46,2/22/2021 11:42:02,615,R_1mRvcBTPBCSMpQO,US,Soccer,,,,
2/22/2021 11:35:45,2/22/2021 11:42:06,381,R_2fvyHTnGJveDLWc,US,Mock Trial,,,,
2/22/2021 11:31:18,2/22/2021 11:42:09,651,R_0qh8UfjwdQSzpct,US,Anything that is not forced onto the student body. I am more engaged when we can choose what to do.,I think something where students can create art based on certain time periods and learn about the significance of different eras of art would be interesting. ,,,
2/22/2021 11:35:41,2/22/2021 11:42:17,395,R_Zrx9w5iyqBevBFD,US,P&D,,,,
2/22/2021 11:31:54,2/22/2021 11:42:19,625,R_1P6FgR1i4DfQ6C7,US,Student Government,,,,
2/22/2021 11:35:23,2/22/2021 11:42:21,417,R_a36hs7SAOz2MNsB,US,MUN club,,,,
2/22/2021 11:36:01,2/22/2021 11:42:24,382,R_6x2pTofdkJd9inL,US,Tennis team,,,,
2/22/2021 11:36:02,2/22/2021 11:42:24,382,R_pRzjbyF2749VZyV,US,Sports Practice,,,,
2/22/2021 11:37:01,2/22/2021 11:42:25,324,R_1Cmetxls8YyBw3h,US,sports,,,,
2/22/2021 11:35:30,2/22/2021 11:42:26,416,R_2ZWXYYTXkjIipHh,US,Clubs periods,,,,
2/22/2021 11:31:38,2/22/2021 11:42:28,649,R_2dyWP7LA8bc3quy,US,dance,,,,
2/22/2021 11:29:41,2/22/2021 11:42:34,773,R_2WMWGWMebuLQcXP,US,,,,,
2/22/2021 11:36:21,2/22/2021 11:42:36,375,R_2thuPeLny5amVFl,US,Track,,,,
2/22/2021 11:33:53,2/22/2021 11:42:37,523,R_1lgWkZIyPVfWbmN,US,Model UN,,,,
2/22/2021 11:35:41,2/22/2021 11:42:43,421,R_2VIIMkhGhZxTJRN,US,Baseball,,,,
2/22/2021 11:33:22,2/22/2021 11:42:50,567,R_33p42PoiekhbMEE,US,Robotics.,,,,
2/22/2021 11:38:04,2/22/2021 11:42:50,285,R_27rMKkxwrF1We1Q,US,,,,,
2/22/2021 11:37:48,2/22/2021 11:42:57,308,R_3I500Yn3ukWobCZ,US,,,,,
2/22/2021 11:38:44,2/22/2021 11:43:01,257,R_2UYsaya243CGNeB,US,cru,,,,
2/22/2021 11:35:41,2/22/2021 11:43:04,443,R_x3jm8lG9OrClADn,US,Plays/musicals,,,,
2/22/2021 11:37:14,2/22/2021 11:43:07,353,R_3P7hNUnucLa5xci,US,Squash,,,,
2/22/2021 11:31:42,2/22/2021 11:43:09,686,R_1hKHXGKNDJ0GGNL,US,after school theater/cru,,,,
2/22/2021 11:37:30,2/22/2021 11:43:14,343,R_a4YjWSRrgNCqGfT,US,Football,,,,
2/22/2021 11:36:52,2/22/2021 11:43:16,383,R_3F4BTbLTXglB2Su,US,clubs,,,,
2/22/2021 11:34:57,2/22/2021 11:43:16,498,R_1ODBJGkuJfe5R2G,US,sports - swimming,,,,
2/22/2021 11:35:16,2/22/2021 11:43:22,486,R_1Fhz4ToDpShr2kn,US,Sports ,,,,
2/22/2021 11:39:03,2/22/2021 11:43:22,259,R_2xLzYhCbeGOJohV,US,,,,,
2/22/2021 11:26:57,2/22/2021 11:43:24,986,R_3ewD5v6zpw1vFLv,US,,,,Armenian,
2/22/2021 11:35:22,2/22/2021 11:43:25,482,R_3Kw5G2ZDnZPLA4t,US,Volleyball,,,,
2/22/2021 11:35:25,2/22/2021 11:43:29,484,R_2D7Dqmxq5BrgJUz,US,theater,,,,
2/22/2021 11:36:09,2/22/2021 11:43:33,443,R_3rURE4s9tUrH6mu,US,"Athletics, any sport",,,,
2/22/2021 11:36:13,2/22/2021 11:43:35,441,R_Zru6AWi0Wh9URXz,US,I don't really do Crystal extracurriculars,,,,
2/22/2021 11:35:06,2/22/2021 11:43:38,512,R_3suJnBtiq4ppT07,US,the musical,,,,
2/22/2021 11:37:59,2/22/2021 11:43:38,339,R_1oiCSdGddwvUSsz,US,Graphic Design,,,,
2/22/2021 11:33:44,2/22/2021 11:43:39,595,R_3G2g5dCpwOgYYpr,US,Debate,I would love literally any interdisciplinary course ,,Why is there a distinction for Indian or South/Southeast Asian and East Asian but none for things like Africa and African-American and Afro-Latine or European Hispanic or things like this.,
2/22/2021 11:35:47,2/22/2021 11:43:44,477,R_1JUUaKPNZtQ0Jcy,US,,,,Arab or Middle Eastern/North African,
2/22/2021 11:36:04,2/22/2021 11:43:51,467,R_8uMn7pxkatV2ewp,US,Dance!,Linguistics,,,
2/22/2021 11:36:23,2/22/2021 11:43:55,451,R_1DvYRUR7HrZtwjY,US,,,,,
2/22/2021 11:35:37,2/22/2021 11:44:00,502,R_1QuA2EuQHGO3oCY,US,Friday clubs,,,Japanese-American,
2/22/2021 11:35:41,2/22/2021 11:44:02,500,R_2TznIPHZXiLpich,US,robotics,,,,
2/22/2021 11:38:47,2/22/2021 11:44:02,315,R_2wbk3eDWPtIoHTx,US,theatre,,,,
2/22/2021 11:35:59,2/22/2021 11:44:05,485,R_23UhqWmkRY8w7pn,US,Sailing,,,,
2/22/2021 11:32:00,2/22/2021 11:44:11,730,R_QiyYckXnLPmtY8V,US,Volleyball,The history of some diseases/ history of medicine,,,
2/22/2021 11:36:04,2/22/2021 11:44:14,489,R_1mVR6jRnXwzfU7g,US,Mock Trial,,,,
2/22/2021 11:35:55,2/22/2021 11:44:30,514,R_3FXP5ijkuuMEe9f,US,Theater/Dance,,,,
2/22/2021 11:40:22,2/22/2021 11:44:34,251,R_3fK3oiY9Mc5DPSd,US,Soccer,,,,
2/22/2021 11:33:59,2/22/2021 11:44:41,641,R_3JsJLg59XTYgfYl,US,the musical,color theory and chemistry ,,,
2/22/2021 11:36:25,2/22/2021 11:44:44,498,R_1mk3qzOVVli0ln0,US,Dance,,,,
2/22/2021 11:36:59,2/22/2021 11:44:57,477,R_tYyWxUwVzsQLtyV,US,,,,,
2/22/2021 11:30:19,2/22/2021 11:45:04,885,R_ZfOp5Yszs6ZuACd,US,cross country,,,,
2/22/2021 11:40:35,2/22/2021 11:45:07,271,R_2SwQ4XdtMlGf1PY,US,Crystal Soccer,,,,
2/22/2021 11:30:45,2/22/2021 11:45:23,877,R_3qKZS5rnXF5QgJM,US,Sports,,,,
2/22/2021 11:38:42,2/22/2021 11:45:34,412,R_1JKj437gdpj3U6v,US,Sports,,,,
2/22/2021 11:35:30,2/22/2021 11:45:42,611,R_2z6WsQhQ4gBQKIe,US,,,,Asian American,None
2/22/2021 11:35:09,2/22/2021 11:45:50,641,R_3k18k0PScdiYHCq,US,,,,,
2/22/2021 11:36:37,2/22/2021 11:45:58,561,R_25KrHtoECNRd4V0,US,Theater!,,,,
2/22/2021 11:36:09,2/22/2021 11:46:12,602,R_3mTeN2fo8hBGQQF,US,clubs,,,,
2/22/2021 11:35:38,2/22/2021 11:46:14,636,R_2qCnEJPMQRFCRzF,US,,,,,
2/22/2021 11:35:57,2/22/2021 11:46:19,621,R_273ELoHBSIyhCDC,US,Debate,,,,
2/22/2021 11:31:39,2/22/2021 11:46:23,883,R_25H4AjJfBZ3y72B,US,,,,,
2/22/2021 11:37:31,2/22/2021 11:46:34,542,R_1hF5iOsQa1s24LV,US,Photography ,,,,
2/22/2021 11:35:30,2/22/2021 11:46:34,664,R_27kGtutYZJOLbOP,US,Volleyball (only in person though),,,,
2/22/2021 11:44:24,2/22/2021 11:46:54,150,R_3MDrVLD0F6rg8rU,US,,,,,
2/22/2021 11:36:12,2/22/2021 11:46:55,643,R_2qBPItEh4lJoPen,US,Swim team ,,,,
2/22/2021 11:35:12,2/22/2021 11:47:03,711,R_2QPNm1tdWW1nDYA,US,Robotics,,,,
2/22/2021 11:41:38,2/22/2021 11:47:12,334,R_2vYCVEa3Dst43il,US,,,,,
2/22/2021 11:35:13,2/22/2021 11:47:22,729,R_3iCjEFaYjOyWY5f,US,Yearbook,,,,
2/22/2021 11:37:13,2/22/2021 11:47:50,636,R_3JJDD0jC9a2y55U,US,Cross Country,,,,
2/22/2021 11:36:02,2/22/2021 11:48:00,717,R_2WUQMuFWrcpifoJ,US,Dance,,,,
2/22/2021 11:33:19,2/22/2021 11:48:34,914,R_3qX5jEIciiwvkMV,US,Volleyball,Art History ,,,
2/22/2021 11:43:45,2/22/2021 11:48:55,309,R_2ClDRLsrAcxo3UO,US,Sports,,,,
2/22/2021 11:32:29,2/22/2021 11:49:00,990,R_oZfd5T3HgJPIUbT,US,Sports practices/games and Cru,,,,
2/22/2021 11:36:15,2/22/2021 11:50:00,825,R_2dRMeYxQUi9HM03,US,Dance,,,,
2/22/2021 11:43:20,2/22/2021 11:50:04,404,R_2rjP9ofbMQGZu4E,US,Volleyball,,,,
2/22/2021 11:37:02,2/22/2021 11:50:56,834,R_21goptCA87iNDrM,US,Sports,,,,
2/22/2021 11:44:46,2/22/2021 11:51:23,396,R_2QR6BO5753KTwuR,US,Sports,,,,
2/22/2021 11:48:36,2/22/2021 11:51:26,170,R_1oj59A70JpAggg5,US,Sports,,,,
2/22/2021 11:36:01,2/22/2021 11:51:36,935,R_1E6y4EFmxSaGUxu,US,clubs,Biotechnology,,,
2/22/2021 11:38:38,2/22/2021 11:51:37,778,R_3FPYVkd0naGgZ3P,US,clubs,,,,
2/22/2021 11:34:57,2/22/2021 11:51:47,1009,R_85NWjpA4P0w85EJ,US,Theatre & Diversity Committee,"radical politics, political philosophy, understanding modern imperialism, game theory",,,
2/22/2021 11:42:38,2/22/2021 11:51:51,553,R_1GEneb7Pu7MKyyd,US,Play and musical,,,,
2/22/2021 11:29:05,2/22/2021 11:52:15,1389,R_1C8URktyT6oMNza,US,Play/Musical,,,,
2/22/2021 11:40:50,2/22/2021 11:52:23,692,R_3fdz3uSBBLIYsrX,US,Cr√º,,,,
2/22/2021 11:46:02,2/22/2021 11:52:45,402,R_xgRzlfcqhFkB0xX,US,,,,,
2/22/2021 11:46:24,2/22/2021 11:52:46,382,R_3qQ0wYLCqWZ9IDQ,US,volleyball,,,,
2/22/2021 11:45:12,2/22/2021 11:53:13,480,R_1pzdTIByw6rUhH6,US,,,,,
2/22/2021 11:35:20,2/22/2021 11:53:25,1084,R_w0IXKu3CbpAHk6B,US,Sports ,,,,
2/22/2021 11:48:38,2/22/2021 11:55:11,393,R_3PFyHvj0KraB7kv,US,Sports,,,,
2/22/2021 11:51:39,2/22/2021 11:58:37,417,R_3iR3xFLfwwZu5kB,US,Tennis,,,,
2/22/2021 11:42:04,2/22/2021 11:58:57,1012,R_yybWQJ7gggPV8g9,US,cr√º,,,,
2/22/2021 11:53:16,2/22/2021 11:59:40,384,R_2b30FzWl9puNYTm,US,musical ,,,,
2/22/2021 11:56:18,2/22/2021 12:00:09,231,R_1lmoVvPbRVC4JCs,US,football,,,,
2/22/2021 11:57:58,2/22/2021 12:01:32,213,R_WxLkez06LfIKoZr,US,Track and Field,,,,
2/22/2021 11:36:59,2/22/2021 12:01:50,1491,R_21dh1dmt38pcIzx,US,Student Council or the Theatre Program,,,,
2/22/2021 11:56:18,2/22/2021 12:03:06,407,R_3HSMGgCEoSow0cr,US,Sports ,,,,
2/22/2021 11:43:38,2/22/2021 12:04:10,1231,R_3pncXxrIPT8sv5C,US,after school sports practices,,,,
2/22/2021 11:56:42,2/22/2021 12:04:11,448,R_31iqqIzeYPPk36s,US,Athletics,,,,
2/22/2021 11:36:25,2/22/2021 12:07:55,1889,R_e2uG5p3TCEXuztv,US,Robotics ,,,,
2/22/2021 11:49:20,2/22/2021 12:11:41,1341,R_1kFWMgVpiVEndKT,US,Fine Arts,,,,
2/22/2021 12:10:21,2/22/2021 12:13:59,217,R_3oNFKUxscZB0m9P,US,Volleyball,,,,
2/22/2021 12:02:36,2/22/2021 12:15:59,803,R_5nYp8SxaT9CdkDn,US,Football Practice after school,Not really,,,
2/22/2021 11:35:30,2/22/2021 12:17:16,2505,R_1eDZdSrOcn1wllO,US,,,,,
2/22/2021 12:15:04,2/22/2021 12:24:38,574,R_1QrLe0VVx7J1xQF,US,Fall Play,,,,
2/22/2021 12:22:47,2/22/2021 12:26:45,238,R_2VqJfN2l7KEVfTm,US,Sports,,,,
2/22/2021 12:21:35,2/22/2021 12:27:20,345,R_yCPWQClzdDeeC2d,US,Sports,,,,
2/22/2021 11:36:40,2/22/2021 12:28:38,3117,R_1qePUh8UmBW2dCJ,US,dance,,,,
2/22/2021 12:21:03,2/22/2021 12:29:03,479,R_3EPV4LgOrA5WDgc,US,,,,,
2/22/2021 11:34:53,2/22/2021 12:30:06,3313,R_3O043LS4JgL4XiF,US,??,,,,
2/22/2021 12:22:54,2/22/2021 12:32:18,563,R_T6qPjaaQxdey4Jb,US,the club I lead,,,,
2/22/2021 11:39:41,2/22/2021 12:38:10,3508,R_1M5kh1ld95Fx6YN,US,visual arts,,,,
2/22/2021 11:37:36,2/22/2021 12:39:12,3696,R_1g2D5aj2G11qKM5,US,,,,,
2/22/2021 12:35:01,2/22/2021 12:39:22,260,R_1fkNqj6O74dJGJG,US,,,,,
2/22/2021 11:44:50,2/22/2021 12:45:36,3645,R_RRDkiZ978YrvaU1,US,SPORTS,,,,
2/22/2021 12:43:53,2/22/2021 12:48:02,248,R_1QmuT8jgVxe9TzF,US,,,,,
2/22/2021 11:31:59,2/22/2021 12:50:34,4714,R_3GkQiO9sIgKNV8A,US,Sports,,,,
2/22/2021 11:35:02,2/22/2021 12:52:05,4622,R_abYv6Pl654q18VH,US,,,,,
2/22/2021 12:40:17,2/22/2021 12:55:31,913,R_3HFZVQvOA0JI7vo,US,Sports,,,,
2/22/2021 13:08:15,2/22/2021 13:13:57,341,R_ue47F7VvIUWIr17,US,,,,,
2/22/2021 12:28:08,2/22/2021 13:14:24,2776,R_1q57cb2AWDWNCf3,US,sports,I would have loved to take a climate change/policy class as I hope to work in that field one day,,,
2/22/2021 13:28:31,2/22/2021 13:35:42,431,R_2QVREckq2edQmhQ,US,"Sports (for me, tennis)",,,,
2/22/2021 11:34:56,2/22/2021 13:58:19,8602,R_24dtsFDnSHmmtDi,US,Sports,,,,
2/22/2021 14:03:39,2/22/2021 14:07:33,233,R_10V1aOiWLBLMiiI,US,Cr√º,,,,
2/22/2021 14:08:34,2/22/2021 14:13:21,287,R_1hz33CRQAd7O54c,US,club,,,,
2/22/2021 13:52:46,2/22/2021 14:13:46,1259,R_21v3cPeg2zDAUWB,US,Debate,,,,
2/22/2021 11:45:57,2/22/2021 14:18:21,9143,R_2VEW5KC7kOOecaT,US,theater because it takes the most time,,,,
2/22/2021 12:29:26,2/22/2021 14:39:14,7787,R_3hgaaTKCjgdMZwN,US,Cr√º,,,,
2/22/2021 14:53:01,2/22/2021 14:54:22,80,R_3lzDULPACulJqlh,US,Clubs,,,,
2/22/2021 15:36:38,2/22/2021 15:44:39,481,R_3qpWKbuUnurwTGZ,US,,,,,
2/22/2021 11:27:22,2/22/2021 15:47:45,15622,R_1erB0sf93RXTS9B,US,Cross Country,,,,
2/22/2021 15:53:31,2/22/2021 15:56:50,198,R_1ffJxDAKgh9R1jb,US,,,,,spiritual
2/22/2021 15:52:06,2/22/2021 15:58:28,381,R_2tAmCfXf7uJHIAp,US,Theater,,,,
2/22/2021 15:52:48,2/22/2021 15:58:41,353,R_T5WafLqmA7vwDfz,US,Robotics ,,,,
2/22/2021 15:53:58,2/22/2021 15:59:00,301,R_2qt0NUvM1USObC1,US,Baseball,,,,
2/22/2021 15:53:40,2/22/2021 15:59:10,330,R_3G6XIDlpofMnTTg,US,Sports,,,,
2/22/2021 15:55:26,2/22/2021 15:59:33,246,R_3UbaDEnfa8Hutdn,US,debate,,,,
2/22/2021 15:54:36,2/22/2021 16:00:23,347,R_erNC6dlu8VYzPJT,US,musical/play,,,,
2/22/2021 15:56:22,2/22/2021 16:01:25,302,R_2aIZeJPR8rYt1LI,US,Sports,,,,
2/22/2021 15:53:06,2/22/2021 16:02:21,554,R_1KpPtdYYIuCHIgl,US,basketball,,,,
2/22/2021 16:01:07,2/22/2021 16:08:10,422,R_BDJtOZOYATdORpL,US,Probably either swim team or science olympiad club,Pretty much anything about the intersection between science and art/literature would be cool,,,
2/22/2021 16:09:34,2/22/2021 16:13:52,257,R_3HCaCuH2fWinZSS,US,Acting,No thanks,,,
2/22/2021 11:46:09,2/22/2021 16:29:17,16987,R_9RIWez7qkrA7G0x,US,theater ,,,,
2/22/2021 16:27:46,2/22/2021 16:30:34,167,R_6MDVhnu543oJiNj,US,Robotics,AI in Design / BioTech,,,
2/22/2021 16:26:30,2/22/2021 16:33:48,438,R_1pX5avz8SK5P6V2,US,fine arts,,,,
2/22/2021 16:30:02,2/22/2021 16:36:15,372,R_Y54iEzzeVa36hd7,US,"My sport, Basketball",,,,
2/22/2021 16:21:00,2/22/2021 16:36:34,933,R_2CrGjszq15tUpbu,US,Track & Field,,,,
2/22/2021 16:30:27,2/22/2021 16:37:04,396,R_2y7UF6WFUGbDZzO,US,Men's Tennis Team,,,,
2/22/2021 16:33:21,2/22/2021 16:40:20,418,R_1PZstNf4vLJAEDx,US,Dance,,,,
2/22/2021 16:33:09,2/22/2021 16:41:30,501,R_3egaAIdheQT4gJ7,US,Cross Country/Track and Field ,,,,
2/22/2021 16:43:47,2/22/2021 16:48:54,306,R_1FM7wy8lxGFqyXk,US,,,,,
2/22/2021 12:38:35,2/22/2021 16:51:55,15200,R_ZDypSMqeuM6boDn,US,dance,,,,
2/22/2021 16:33:36,2/22/2021 16:52:49,1153,R_3M6ekNYvyobaWqD,US,,,,,Jain
2/22/2021 16:43:27,2/22/2021 16:53:11,584,R_0TnjbAyJdboObsJ,US,Soccer,,,,
2/22/2021 11:35:12,2/22/2021 16:59:46,19473,R_3DiteT66FPsYGJz,US,Football,,,,
2/22/2021 17:03:12,2/22/2021 17:05:17,125,R_NX8e0QIUyhDA8vv,US,sailing ,,,,
2/22/2021 17:10:03,2/22/2021 17:17:33,449,R_1QH5IDVhFwEETG6,US,,,,,
2/22/2021 17:14:47,2/22/2021 17:24:24,576,R_vOmcozNxq8B9Pj3,US,I guess flex time or just time where I can do basically whatever I want whether it be with friends or just by myself.,,,,
2/22/2021 14:27:11,2/22/2021 17:40:13,11581,R_2YamodKEgPFjiwj,US,Clubs,"I'm really interested in the way science intersects with social issues (for example, sustainable environmental design and the ways science and society interact)",Trans male,,
2/22/2021 17:47:31,2/22/2021 17:50:02,150,R_2fIKF36w3K1lwlV,US,Tennis,,,,
2/22/2021 14:45:10,2/22/2021 17:59:36,11666,R_Xv5VivsLfSSBKx3,US,Sports,,,,
2/22/2021 18:06:30,2/22/2021 18:13:46,435,R_RfynmTANGFx3A4h,US,Theater.,,,,Wiccan/Pagan
2/22/2021 18:58:00,2/22/2021 19:03:02,301,R_2tmpcbYViyjlQTf,US,,,,,
2/22/2021 16:31:46,2/22/2021 19:27:36,10550,R_1rjIE7bfWNqC72C,US,Girls Varsity Tennis Team!,"I feel like especially with STEM, Crystal really doesn't have much choice. The only real electives for a while were Cog Neuro and PET, and Environmental Science was only just added this year. I'd love if there were more electives like astronomy or marine biology.",,,
2/22/2021 19:56:49,2/22/2021 20:03:53,424,R_2XnxtmQ7v5EswZs,US,,,,,
2/22/2021 20:27:23,2/22/2021 20:31:51,268,R_2YrI6QVhoqXhECZ,US,Crystal volleyball,,,,
2/22/2021 20:39:32,2/22/2021 20:45:02,330,R_PRL0vJATWT6bxAd,US,Athletics ,,,,
2/22/2021 21:15:09,2/22/2021 21:22:17,428,R_1C8vTs0MoJxG7AO,US,Sports,,,,
2/22/2021 21:18:15,2/22/2021 21:23:26,311,R_eRk2z6j6sorilB7,US,sci oly,,,,
2/22/2021 14:01:37,2/22/2021 22:54:05,31947,R_AFF1WaXwpwS0tup,US,Dance,,,,
2/22/2021 11:33:44,2/22/2021 23:07:57,41652,R_2Scc3aKQAtOGdpw,US,Tennis Team,,,,
2/22/2021 23:09:55,2/22/2021 23:16:11,376,R_1FLO9bINaM4o64i,US,,,,,
2/22/2021 23:22:15,2/22/2021 23:27:19,303,R_DwV98vgsaLiqzsJ,US,,,,,
2/22/2021 16:36:32,2/23/2021 0:12:41,27368,R_Y6q0vI0rZMEXDPj,US,sports ,,,,
2/22/2021 11:39:13,2/23/2021 10:42:29,82995,R_2uyPcMdWsxVjUHK,US,Cross Country,No,,Mixed / half Chinese Half Indian,
2/22/2021 11:24:02,2/22/2021 11:27:08,185,R_BAfNsSCdBcEneKd,MS,,,,,
2/22/2021 11:25:57,2/22/2021 11:28:51,174,R_1gNQgHCDHv3lUOh,MS,Clubs,,,,
2/22/2021 11:22:43,2/22/2021 11:29:06,383,R_3O1ygTK6XK8OejH,MS,Clubs.,,,,
2/22/2021 11:24:27,2/22/2021 11:29:47,319,R_2aFuCn0uHTSuihT,MS,Less work,,,,Christian Zoro Muslim Jew Sikh I‚ÄôBaha
2/22/2021 11:23:40,2/22/2021 11:30:06,386,R_cA3Iim9gD5XCw1j,MS,I would choose to be on the soccer team.,,,,
2/22/2021 11:23:08,2/22/2021 11:30:19,431,R_2QLFsD9NLrmr034,MS,Idk yet,,,,
2/22/2021 11:25:19,2/22/2021 11:30:29,310,R_1jfXiKlURAJC1fV,MS,"Robotics, and Computer science",,,,
2/22/2021 11:24:00,2/22/2021 11:31:47,467,R_3sn4z9w4lz5UYZO,MS,Dance,,,,
2/22/2021 11:24:31,2/22/2021 11:32:17,466,R_1d9T1j3rfOm11Zl,MS,,,,,
2/22/2021 11:27:47,2/22/2021 11:32:44,297,R_1pWkCZQDOxF24BY,MS,I really like the sports. ,,,,
2/22/2021 11:24:56,2/22/2021 11:33:24,507,R_2uZBiSlqdwrkKJw,MS,The arts rotation (not including music),,,,
2/22/2021 11:24:06,2/22/2021 11:33:40,573,R_1DRMYaMncekD6N5,MS,Debate Club,,,"An Indian-American (As in from India, not native American) who speaks very good Chinese",
2/22/2021 11:28:41,2/22/2021 11:35:05,383,R_1hDL98aqqeqYZwk,MS,The musical and play!,,,,
2/22/2021 11:26:32,2/22/2021 11:35:53,560,R_30dcohcdmAJhKQe,MS,Flag Football,,,,
2/22/2021 11:31:32,2/22/2021 11:36:31,298,R_RsNjduWIkgmor9T,MS,,,,,
2/22/2021 11:23:25,2/22/2021 11:36:45,800,R_2fjIPXp6FABWej4,MS,The musical ,,,,
2/22/2021 11:29:48,2/22/2021 11:37:03,434,R_3RjuKbhT1KHmnUp,MS,the musical,,,,
2/22/2021 11:24:52,2/22/2021 11:37:24,751,R_ApJBkn7pQxQtczf,MS,"Fine Arts, the play and musical",,,,
2/22/2021 11:26:43,2/22/2021 11:37:30,646,R_3nVkt2LxNgkm1wr,MS,,,,,
2/22/2021 11:31:23,2/22/2021 11:38:02,398,R_2U0l2SAyN2qB8nS,MS,,,,,
2/22/2021 11:34:24,2/22/2021 11:38:06,221,R_1C2uNLnAyovGB4f,MS,Fine Arts,,,,
2/22/2021 11:35:02,2/22/2021 11:38:46,224,R_2t2VOhe33Z1XoAK,MS,The Play.,,,,
2/22/2021 11:24:16,2/22/2021 11:38:52,876,R_1n2wA2wXzT34FsW,MS,Basketball,,,,
2/22/2021 11:34:11,2/22/2021 11:38:55,284,R_OlNy3oMjh5RgmxH,MS,Clubs,,,,
2/22/2021 11:33:11,2/22/2021 11:39:04,352,R_a3i5E1j7WjDxtF7,MS,Robotics,,,,
2/22/2021 11:34:55,2/22/2021 11:39:09,253,R_3J3PmdeJXOWq48R,MS,Clubs,,,,
2/22/2021 11:34:55,2/22/2021 11:39:11,256,R_27dTcXZX5qRxniP,MS,The clubs period,,,,
2/22/2021 11:36:08,2/22/2021 11:39:13,185,R_1QuZJpeCrPHbJUi,MS,"Coding, Computer Science",,,,Jain
2/22/2021 11:35:27,2/22/2021 11:39:14,227,R_sta52ZCp4xiQKAx,MS,Sports,,,,
2/22/2021 11:35:22,2/22/2021 11:39:20,237,R_dnlzjzVihaQ1cgF,MS,Probably clubs,,,,
2/22/2021 11:27:48,2/22/2021 11:39:22,694,R_2SpG9NWvpcE7MH9,MS,I don't have one,,,,I don't affiliate with any religion
2/22/2021 11:36:17,2/22/2021 11:39:33,196,R_vNfjiSN06GHw9Tb,MS,Sports,,,,
2/22/2021 11:30:15,2/22/2021 11:39:37,562,R_1pm0bBjgYc3Smof,MS,Fine arts,,,,
2/22/2021 11:35:48,2/22/2021 11:39:40,231,R_BRkkVvZP0H7PZex,MS,Sports,,,,
2/22/2021 11:35:48,2/22/2021 11:39:52,243,R_2s1iHgeT4iaSQby,MS,,,,,
2/22/2021 11:34:29,2/22/2021 11:40:02,333,R_1lymqjZfe1oryXM,MS,Visual arts! ,,,,
2/22/2021 11:34:35,2/22/2021 11:40:04,328,R_7OqFOqSRV5C2tax,MS,Club-period Clubs,,,,
2/22/2021 11:34:18,2/22/2021 11:40:23,365,R_2b47fJOGsst2m76,MS,The musical/play because you have a bond with the cast. ,,,,
2/22/2021 11:35:37,2/22/2021 11:40:24,286,R_28zG1CbCRVC6R3n,MS,theater,,,,
2/22/2021 11:36:15,2/22/2021 11:40:26,251,R_2ANIQzL8cBk216e,MS,,,,,
2/22/2021 11:35:33,2/22/2021 11:40:31,298,R_3L0TTawf30hU4W7,MS,,,,,
2/22/2021 11:34:17,2/22/2021 11:40:32,375,R_eFnlR91jN9wtDl7,MS,Basketball,,,,
2/22/2021 11:35:31,2/22/2021 11:40:41,309,R_3vXR7n0F0tt86EV,MS,"Musicals, Plays, Sports games",,,,
2/22/2021 11:35:36,2/22/2021 11:40:46,309,R_Q0bEzFqIV11aUzT,MS,,,,,
2/22/2021 11:34:38,2/22/2021 11:40:46,367,R_2pYwKVmFAx4OR14,MS,Rock pop and jazz club,,,,
2/22/2021 11:32:36,2/22/2021 11:40:50,493,R_3NxKCiEUvhtJ40M,MS,Clubs,,,Mixed,
2/22/2021 11:35:41,2/22/2021 11:40:53,311,R_sHwA80Ts76HvsGt,MS,Drama,,,,
2/22/2021 11:30:53,2/22/2021 11:40:56,603,R_pT3n9Vi2u6MFYNH,MS,Clubs,,,,"I don't specifically have a religion, but mostly Pagan you could say. "
2/22/2021 11:33:42,2/22/2021 11:40:59,437,R_28CiuzBeRHZbmdU,MS,Clubs,,,,Non-Religious
2/22/2021 11:35:26,2/22/2021 11:40:59,333,R_ReEC7QUSIwIzmH7,MS,Plays and Musicals,,,,
2/22/2021 11:36:57,2/22/2021 11:41:08,250,R_2wuHDztfirN8T10,MS,Sports,,,,
2/22/2021 11:35:56,2/22/2021 11:41:09,312,R_2PjRL7XNHV2i5QK,MS,Musical rehearsals ,,,,
2/22/2021 11:35:58,2/22/2021 11:41:10,312,R_2cCqfUorWn1fE0x,MS,Musical/Play rehearsals,,,,
2/22/2021 11:22:50,2/22/2021 11:41:23,1113,R_3nGU2RNY1Ribzyw,MS,Musical,,,Taiwanese ,
2/22/2021 11:35:35,2/22/2021 11:41:34,358,R_2dN2w7omWUVt2W3,MS,Musical practice ,,,,
2/22/2021 11:35:58,2/22/2021 11:41:34,336,R_sCdT7ENis1LNGTL,MS,choir or debate maybe,,,,
2/22/2021 11:35:57,2/22/2021 11:41:41,343,R_Os9PlEO4cHmW8O5,MS,SPORTS,,,,
2/22/2021 11:33:38,2/22/2021 11:41:41,483,R_2wnptwcdJKXMOad,MS,Social's for the grades,,,,
2/22/2021 11:34:52,2/22/2021 11:41:46,413,R_3qqVNSTUR091PNo,MS,"Cross country, or the musicals/plays",,,,"I don‚Äôt go to church or temple, but I celebrate Christmas and Easter!!"
2/22/2021 11:34:54,2/22/2021 11:41:52,418,R_plqIQFzmbtonmWB,MS,Debate team,,,,
2/22/2021 11:37:45,2/22/2021 11:41:53,247,R_6DuRIhIwYTTJ8xH,MS,Playing basketball in the gym after school.,,,,
2/22/2021 11:24:48,2/22/2021 11:41:56,1027,R_2WO21beqWvfJXFZ,MS,POP,,,Chinese and Indian ,
2/22/2021 11:35:39,2/22/2021 11:42:00,380,R_ALKXsj1f32C2Eal,MS,I very much enjoy the clubs (during school) we have. ,,,,
2/22/2021 11:35:27,2/22/2021 11:42:03,395,R_2tbVBWjGHD01mwl,MS,Debate,,,,
2/22/2021 11:35:51,2/22/2021 11:42:10,378,R_1IKj3r80QPtqVc5,MS,,,,,
2/22/2021 11:37:51,2/22/2021 11:42:11,259,R_1mejPCDRM4zKYhL,MS,The Musicals/Plays,,,,
2/22/2021 11:36:06,2/22/2021 11:42:14,367,R_2B5MpXcj8t0TJXW,MS,,,,,
2/22/2021 11:35:33,2/22/2021 11:42:16,403,R_1ml5N0PqTGavQrN,MS,,,,,
2/22/2021 11:35:27,2/22/2021 11:42:21,413,R_0GqBmiiKkjsgJR7,MS,Sports games ,,,,
2/22/2021 11:34:58,2/22/2021 11:42:23,445,R_2zjdBAPYGcu7Rkl,MS,Soccer,,,,
2/22/2021 11:35:35,2/22/2021 11:42:24,409,R_1mUXzbk0AyWFQgZ,MS,After-School Programming/Robotics/Engineering ,,,,
2/22/2021 11:34:57,2/22/2021 11:42:30,452,R_2dyfxhu0Op3pbCE,MS,clubs,,,,
2/22/2021 11:36:02,2/22/2021 11:42:32,390,R_2t4Zs4T4olQxIrP,MS,Football,,,,
2/22/2021 11:34:24,2/22/2021 11:42:38,493,R_3phcDHT0tE3m1TO,MS,Sports,,,,
2/22/2021 11:36:15,2/22/2021 11:42:39,383,R_32PEQqVFnEM84DF,MS,Clubs-GSA,,Not sure right now,,
2/22/2021 11:36:15,2/22/2021 11:42:40,384,R_2P0aIcAeYTWzM80,MS,the play and musical,,,,
2/22/2021 11:35:35,2/22/2021 11:42:43,428,R_RPP1ylhPsJYpq0N,MS,Soccer,,,,
2/22/2021 11:35:56,2/22/2021 11:42:46,410,R_1N98iP3UKMZphiU,MS,,,,,
2/22/2021 11:36:50,2/22/2021 11:42:54,364,R_2xJlwPIjUKK7r7R,MS,Debate,,,European East Asian American,
2/22/2021 11:34:20,2/22/2021 11:42:57,516,R_3j1hkjJHUD89a91,MS,Clubs,,,,
2/22/2021 11:37:08,2/22/2021 11:43:00,352,R_1M6W9OKZ5VYa89b,MS,Theater,,,,
2/22/2021 11:31:28,2/22/2021 11:43:09,700,R_stcZRG9psjM92r7,MS,,,,,
2/22/2021 11:36:54,2/22/2021 11:43:17,383,R_1oheSEg47iEL0MM,MS,,,,,
2/22/2021 11:35:43,2/22/2021 11:43:19,455,R_2s6IzlYMPMw22vT,MS,Fine Arts events,,,,
2/22/2021 11:36:11,2/22/2021 11:43:22,430,R_3KDfvOrkT0lCtFe,MS,Clubs,,,,
2/22/2021 11:37:43,2/22/2021 11:43:29,346,R_23geKWItVxjrcG4,MS,Sports,,,,
2/22/2021 11:36:35,2/22/2021 11:43:34,419,R_31bmgjHB8juKOy6,MS,Clubs,,,,
2/22/2021 11:35:36,2/22/2021 11:43:46,490,R_1Qm8RXlFRFqiwcM,MS,Art,,,,
2/22/2021 11:35:39,2/22/2021 11:43:47,487,R_2xRXxHrJ5EPb0CN,MS,üí© üí© üí© ,,Barfing emoji ü§Æ ü§Æ ,Rwandan,ü§∑‚Äç‚ôÄÔ∏è 
2/22/2021 11:35:47,2/22/2021 11:43:48,481,R_barh92O5fXZIKqt,MS,Sports.,,,,
2/22/2021 11:37:35,2/22/2021 11:43:52,376,R_2CIWhLRJwDEadBA,MS,The basketball team,,,,"I wouldn‚Äôt call myself an atheist, I don‚Äôt belive specifically in any major religions but I do consider myself spiritual "
2/22/2021 11:35:12,2/22/2021 11:43:54,521,R_1DOPJmAnTKK7xan,MS,Clubs,,,,
2/22/2021 11:37:29,2/22/2021 11:43:55,385,R_3OuACuPlZKi9xp7,MS,Clubs,,,,
2/22/2021 11:36:55,2/22/2021 11:43:58,423,R_0fHoZTMllzYGopP,MS,,,,Asian American,None
2/22/2021 11:36:21,2/22/2021 11:44:20,478,R_3JEP8vjZXuvHVLQ,MS,Sports,,,,
2/22/2021 11:35:03,2/22/2021 11:44:24,561,R_1LnzUhTAn19kzhT,MS,Visual Arts - drawing ,,,Philipino,
2/22/2021 11:37:27,2/22/2021 11:44:33,425,R_eLp1hscudvOcnJf,MS,After-School Plays & Musicals,,,,
2/22/2021 11:37:19,2/22/2021 11:44:36,436,R_3Kr7ZtHWHyJ1gP2,MS,Golf,,,,
2/22/2021 11:35:31,2/22/2021 11:44:40,548,R_DeE1LPje6UxKzbr,MS,AMC 8 Math Quiz,,,,
2/22/2021 11:35:31,2/22/2021 11:44:43,552,R_2v3beuz5ypYtEmw,MS,I liked the discussion club. It‚Äôs good to talk to people.,,,,"It‚Äôs tricky. My family is mostly Jewish and I practice some Jewish traditions, but I don‚Äôt believe in got or prayer or the Torah or anything like that so I guess mostly atheist."
2/22/2021 11:35:41,2/22/2021 11:44:43,542,R_r8z24Gu594bjGqB,MS,Tennis,,,,
2/22/2021 11:35:39,2/22/2021 11:44:55,555,R_3KupDSxb41XuNwv,MS,Debate and Computer Science,,,,
2/22/2021 11:37:45,2/22/2021 11:44:59,433,R_3G9xJDHXFq4Ysta,MS,Sports,,,,
2/22/2021 11:35:46,2/22/2021 11:45:00,553,R_e5Mk3orhY8qSjMl,MS,Clubs!,,,,
2/22/2021 11:38:55,2/22/2021 11:45:05,369,R_2P0zfGXUgJQoVxX,MS,,,,,
2/22/2021 11:35:41,2/22/2021 11:45:07,566,R_3qyflyTXAu0vPqS,MS,Clubs because its like a time to chill in my perspective and to hangout together.,,,,
2/22/2021 11:35:00,2/22/2021 11:45:11,610,R_332wJKYaGj0iGOB,MS,The seasonal plays,,,,
2/22/2021 11:34:49,2/22/2021 11:45:13,623,R_3Ojk8dSZx6au2TB,MS,PE,,,,
2/22/2021 11:40:04,2/22/2021 11:45:21,317,R_2bPqcCQaJA156LK,MS,sports,,,,
2/22/2021 11:35:33,2/22/2021 11:45:24,590,R_2t08HH1ztj71v8k,MS,Sports,,,,None
2/22/2021 11:34:59,2/22/2021 11:45:25,626,R_2TLh7vutnTfl8DL,MS,Clubs,,,,
2/22/2021 11:36:01,2/22/2021 11:45:38,576,R_2Bm9LWIYEEOf7hY,MS,Sports,,,,
2/22/2021 11:37:43,2/22/2021 11:45:40,477,R_3ele0ID6Jw0yef4,MS,Sleeping,,,,
2/22/2021 11:36:45,2/22/2021 11:45:44,539,R_31hAYiC4Cmrkpoy,MS,Not sure,,,,
2/22/2021 11:37:39,2/22/2021 11:45:52,493,R_1o5dW4V2DpBLwWi,MS,SPORTS,,,,
2/22/2021 11:37:00,2/22/2021 11:46:05,544,R_33sg2BSCi6bi3Ef,MS,The basketball seasons have been great.,,,,
2/22/2021 11:36:07,2/22/2021 11:46:21,614,R_278QMbaQ7CiziCm,MS,Debate after-school ,,,,
2/22/2021 11:40:00,2/22/2021 11:46:29,389,R_3ew68wETldRA7ik,MS,Musical/plays,,,,
2/22/2021 11:35:56,2/22/2021 11:47:11,675,R_3NBRdD5I0BAT6lg,MS,The Theater is really engaging but it is a lot.,,,Filipino ,Episcopal 
2/22/2021 11:36:58,2/22/2021 11:47:38,640,R_3L0AAXK0e7CjQZ7,MS,Cross Country,,,,
2/22/2021 11:34:59,2/22/2021 11:48:14,795,R_1LbqUe8xEvUCRkn,MS,sports,,,,
2/22/2021 11:37:57,2/22/2021 11:50:11,734,R_SC3iTn2IKSpHzEZ,MS,"Even though we haven‚Äôt done this yet, tennis is my favorite sport so probably tennis ;) (or clubs are pretty fun too)",,,,
2/22/2021 11:25:27,2/22/2021 11:55:15,1787,R_10BkT9D5is6iPde,MS,Sports,,,,
2/22/2021 11:47:42,2/22/2021 11:55:51,488,R_3QQK4y84dgduwFc,MS,"Dances, musicals/plays",,,,
2/22/2021 12:01:40,2/22/2021 12:05:24,224,R_3n6JN31nc7ApFzq,MS,none,,,,none
2/22/2021 12:02:09,2/22/2021 12:07:45,336,R_1gu1nbgGUYY1978,MS,Coding,,,,
2/22/2021 12:05:20,2/22/2021 12:11:55,394,R_2rkCS0z08kM1SyL,MS,"Play, musical",,,,
2/22/2021 11:23:44,2/22/2021 12:12:33,2929,R_XTVMU1voCo3aag9,MS,Instrumentals should be an extracurricular,,,,
2/22/2021 11:36:00,2/22/2021 12:23:07,2827,R_29rNvyNV1keAskF,MS,Sports ,,,,
2/22/2021 11:24:19,2/22/2021 12:28:06,3827,R_2aJ3K55ZXmAMCYh,MS,The play,,,,
2/22/2021 12:08:06,2/22/2021 12:31:04,1378,R_xDG7ZmaoiC9cLfz,MS,I love the Bullet Journaling (sorry if I spelled that wrong) Club!,,,,
2/22/2021 11:37:50,2/22/2021 12:35:48,3478,R_0SWjlcyaHFUm5Rn,MS,golf,,,,
2/22/2021 11:36:07,2/22/2021 12:47:49,4301,R_RtdELWPcmxqvy3D,MS,Drawing ,,,,
2/22/2021 11:35:30,2/22/2021 12:55:46,4815,R_6m7Vs7JPfZTbj1L,MS,Robotics ,,,,
2/22/2021 11:38:54,2/22/2021 13:03:29,5074,R_3KILQtcPss1sA5f,MS,Flag Football,,,,
2/22/2021 11:35:27,2/22/2021 13:43:53,7705,R_24epvjo52Trss2p,MS,Debate,,,,
2/22/2021 13:57:29,2/22/2021 14:01:57,268,R_12sbJy6Ke1Bv55A,MS,Fine Arts Rotation,,,,
2/22/2021 11:25:58,2/22/2021 14:06:41,9643,R_3FXSczGAErn1k2W,MS,,,,,
2/22/2021 11:25:44,2/22/2021 15:00:31,12887,R_2TGXeEZUacbhaQS,MS,Football,,,,
2/22/2021 15:19:23,2/22/2021 15:22:39,196,R_3EbtQblHRXHLnO6,MS,Visual Arts,,,,
2/22/2021 11:35:16,2/22/2021 15:38:27,14590,R_1k0nsYiAsteOCd3,MS,Debate Club,,,,
2/22/2021 15:51:56,2/22/2021 15:55:34,218,R_3Jl0XCxH4ELT9U5,MS,,,,,
2/22/2021 15:51:30,2/22/2021 15:58:06,396,R_3kA5O5FYPBlK8Sb,MS,Clubs,,,,
2/22/2021 15:50:43,2/22/2021 15:58:16,453,R_32KH7V0ci477vX7,MS,"Drama, and dance",,,,
2/22/2021 15:52:52,2/22/2021 15:58:44,352,R_2ARoPnGYmXGQm8y,MS,Clubs Period,,,,
2/22/2021 15:58:04,2/22/2021 16:04:50,405,R_x4VxhpvuP7Wvyut,MS,Football,,,Amerasian,
2/22/2021 15:54:09,2/22/2021 16:06:55,765,R_2ti0RZYW4v3f0pv,MS,Clubs (In School),,,,
2/22/2021 16:02:08,2/22/2021 16:08:51,403,R_2ahNuHOARTdxt9X,MS,Debate,,,,
2/22/2021 15:18:22,2/22/2021 17:23:53,7531,R_PS2FNo9xkYYSpFf,MS, ,,,,
2/22/2021 17:21:55,2/22/2021 17:33:24,689,R_28PcCn6sqHROgIB,MS,Coding and robotics ,,,,
2/22/2021 17:44:49,2/22/2021 17:50:47,358,R_1dFYC0KQdABc8t6,MS,Sports,,,,None
2/22/2021 18:18:33,2/22/2021 18:27:45,551,R_3imzjMM8UGPkYFy,MS,In person sport are usually what gets me engaged,,,,
2/22/2021 18:30:25,2/22/2021 18:34:09,223,R_1Fh7i44e7codI71,MS,,,,,
2/22/2021 18:48:16,2/22/2021 19:03:07,891,R_1ZVpvXmFxq5saCB,MS,Nothing,,,,
2/22/2021 19:03:52,2/22/2021 19:10:09,377,R_w11W7C8AUoLpTuF,MS,Sports.,,,,
2/22/2021 19:17:36,2/22/2021 19:28:13,636,R_10VKktpcCe7hy8v,MS,N/A.,,,,
2/22/2021 19:43:52,2/22/2021 19:48:44,292,R_2S2hoDajuP8w30j,MS,,,,,
2/22/2021 15:53:46,2/22/2021 21:35:09,20482,R_3PSuSUubpm1dB6I,MS,Fine arts,,,,
2/22/2021 23:35:54,2/22/2021 23:40:10,255,R_2SBLuXWS2g3GlHh,MS,Sports,,,,
2/22/2021 23:54:41,2/23/2021 0:01:21,399,R_OHUWPVtKz00o7Xb,MS,Debate,,,,
